vessel_class,year,emissions_co2_mt,n_unique_vessels,share_emissions,share_vessels
Cargo: container,2015,131038788.91218272,5098,0.1906885413039575,0.020413883683308508
Tanker: oil,2015,121560287.54185262,9989,0.17689536132221112,0.039998878798071534
Cargo: bulk carrier,2015,111291302.56140836,11972,0.16195186418789723,0.04793939102718114
Passenger,2015,92993477.61807534,70173,0.13532474426070024,0.28099322473691796
Cargo: general,2015,53313795.16274397,41733,0.07758259913234337,0.16711114314545192
Tanker: chemical,2015,48880281.68423919,4730,0.07113092001438326,0.018940304005894318
Tanker: liquefied gas,2015,37683664.970551305,1310,0.054837526841286295,0.005245623308186376
Cargo: ro ro,2015,34382922.95012362,2387,0.0500342644918621,0.009558246440183877
Fishing,2015,21395412.017165285,62940,0.0311347498097268,0.2520301763490462
Tug,2015,10446877.556835309,25778,0.015202367627413033,0.1032226546858232
Supply vessel,2015,5444103.619917827,4290,0.007922296799350302,0.017178415261159964
Specialized reefer,2015,4265707.957836991,518,0.006207487377296687,0.0020742235676645365
Container reefer,2015,3856376.617263652,105,0.005611825612624603,4.2045072317524387e-4
Cargo: refrigerated,2015,2159156.097412892,136,0.0031420187112621554,5.445837938269825e-4
Dredge non fishing,2015,1907035.0373874295,1819,0.0027751304214101934,0.007283808242435891
Seismic vessel,2015,1867390.1811775155,1086,0.0027174389556722128,0.004348661765412523
Bunker,2015,1413621.206839846,1837,0.0020571112426052726,0.007355885509265933
Other not fishing,2015,1158335.5123408805,1088,0.0016856177550364964,0.00435667035061586
Patrol vessel,2015,1073673.237574514,2273,0.001562416634111207,0.009101757083593613
Dive vessel,2015,584058.4477745348,323,8.499258453694796e-4,0.0012933865103390836
Tanker: other,2015,246419.65592324364,30,3.585915676320618e-4,1.2012877805006967e-4
Well boat,2015,161329.466293446,71,2.347677420726153e-4,2.843047747184982e-4
Research,2015,63518.35459995478,46,9.243234377578117e-5,1.841974596767735e-4
Cargo: container,2016,137172668.20901045,5141,0.18223506073402035,0.018187864615210447
Tanker: oil,2016,130811993.72597936,10202,0.17378485038338165,0.03609270468865532
Cargo: bulk carrier,2016,118486430.9725426,12670,0.15741023504433277,0.04482401180212339
Passenger,2016,108921479.37293716,84334,0.14470311518998874,0.29835739631572805
Cargo: general,2016,65871450.895127915,46885,0.08751078484688367,0.16587007050848895
Tanker: chemical,2016,53771101.98451006,4928,0.07143536802062969,0.017434311772759597
Tanker: liquefied gas,2016,41019767.95495712,1379,0.054495111906527796,0.004878635538684148
Cargo: ro ro,2016,35217880.098230094,2505,0.046787254359194806,0.008862205964034656
Fishing,2016,25163976.012852225,72448,0.03343055695340285,0.2563070250229073
Tug,2016,11200708.138053767,28062,0.014880236379831433,0.09927793363782057
Supply vessel,2016,5409118.994176388,4086,0.00718606076043746,0.014455478470676889
Specialized reefer,2016,4243885.714721004,516,0.0056380384012944505,0.001825508294387977
Container reefer,2016,3861349.147796376,102,0.0051298353064893444,3.608562907511118e-4
Cargo: refrigerated,2016,2176228.8981661797,161,0.0028911386692877165,5.695868903032254e-4
Dredge non fishing,2016,2159988.198297295,1969,0.0028695627608679745,0.006965941534205285
Seismic vessel,2016,1891410.6468182115,1096,0.0025127551909298533,0.0038774362221884167
Bunker,2016,1882940.374720225,2121,0.0025015023621384916,0.007503688163559882
Other not fishing,2016,1195541.547195718,1072,0.0015882871515722628,0.0037925288596587434
Patrol vessel,2016,1158899.8582036486,2470,0.0015396083549428026,0.008738382727012215
Dive vessel,2016,633371.8948676968,354,8.41439969313468e-4,0.0012523835973126819
Tanker: other,2016,229817.79241298063,29,3.0531489913372537e-4,1.0259639639002197e-4
Well boat,2016,172559.99330332075,79,2.292474242170291e-4,2.794867349935081e-4
Research,2016,71233.96542730404,52,9.463493118169989e-5,1.839659521476256e-4
Cargo: container,2017,144657563.11947054,5322,0.17550872244313942,0.01683788238792937
Tanker: oil,2017,139620367.924315,10583,0.16939724320670072,0.03348277138509142
Passenger,2017,129039901.68398152,100688,0.15656027794440014,0.31855932015705235
Cargo: bulk carrier,2017,125021071.98603337,13107,0.15168435130224522,0.041468268406349165
Cargo: general,2017,79665998.50862876,50225,0.09665638850046777,0.15890316477522598
Tanker: chemical,2017,57188787.39932359,5100,0.06938545623251012,0.016135512998579443
Tanker: liquefied gas,2017,45181191.1497739,1460,0.054816996541045555,0.004619186074103134
Cargo: ro ro,2017,36367137.91548898,2601,0.04412316768525617,0.008229111629275516
Fishing,2017,28835407.77740915,81195,0.03498514333440245,0.2568868584156192
Tug,2017,12342897.34818004,31053,0.014975270550056126,0.09824629120487989
Supply vessel,2017,5628992.512993744,3929,0.006829489335318099,0.012430672661062476
Specialized reefer,2017,4457109.159871217,530,0.005407678088649631,0.0016768278214210008
Container reefer,2017,3643643.9756644354,104,0.004420724954963883,3.290379121278945e-4
Dredge non fishing,2017,2397038.1171182427,2197,0.0029082551130456993,0.006950925893701772
Bunker,2017,2294669.609063547,2322,0.002784054444379302,0.007346404153470876
Seismic vessel,2017,2015746.6298642196,1086,0.0024456454826655032,0.003435915120873975
Cargo: refrigerated,2017,2014489.8386752105,192,0.0024441206552648187,6.074546070053437e-4
Patrol vessel,2017,1303277.9386587825,2759,0.0015812283925550504,0.008728996149623663
Other not fishing,2017,1296834.83891632,1105,0.0015734111711116102,0.003496027816358879
Dive vessel,2017,714720.3996793297,349,8.671490210862352e-4,0.0011041753012753382
Tanker: other,2017,248178.0447284549,27,3.011070463889538e-4,8.542330411012646e-5
Well boat,2017,205893.39464797068,84,2.498043370487459e-4,2.657613905648379e-4
Research,2017,77735.53731171838,55,9.431421729911847e-5,1.7401043429840575e-4
Cargo: container,2018,149750984.1630339,5315,0.17384241869838504,0.015393437732603099
Passenger,2018,145641128.4702955,117307,0.1690713832482999,0.3397475070740304
Tanker: oil,2018,142963511.3722871,11091,0.16596300011968448,0.032122035351326614
Cargo: bulk carrier,2018,125825264.7715759,13189,0.1460676100628593,0.0381983161345818
Cargo: general,2018,80297563.11279272,51326,0.09321556492688429,0.14865166228853935
Tanker: chemical,2018,58237604.61102278,5243,0.06760667451613032,0.015184909507438955
Tanker: liquefied gas,2018,50527004.95482672,1560,0.058655619527478414,0.004518111545223111
Cargo: ro ro,2018,36533199.598138526,2747,0.042410537843390154,0.007955931035081978
Fishing,2018,31526825.952819582,89737,0.03659875564860619,0.25989857418826046
Tug,2018,13217610.635554478,32386,0.015344015367516343,0.09379715416897158
Supply vessel,2018,6002681.534411179,3991,0.006968372745264175,0.011558835369862458
Specialized reefer,2018,4359181.287955288,531,0.00506047170827178,0.0015378956605855588
Container reefer,2018,3552563.9303477383,104,0.00412408846381888,3.0120743634820735e-4
Dredge non fishing,2018,2524461.529757508,2292,0.0029305884077949367,0.0066381485010585705
Bunker,2018,2448755.318048546,2437,0.0028427028354393678,0.00705810117673636
Seismic vessel,2018,2088950.3569433547,1114,0.002425013662658324,0.0032263950393452215
Cargo: refrigerated,2018,1730694.7521750445,207,0.0020091231014492473,5.995186473469128e-4
Patrol vessel,2018,1440520.228011869,3026,0.0016722662760526254,0.008763977907593035
Other not fishing,2018,1408887.0069499516,1131,0.0016355440088077074,0.0032756308702867553
Dive vessel,2018,804843.3340470264,365,9.343238219501841e-4,0.0010571222525682278
Tanker: other,2018,245206.43756813265,28,2.846544243131678e-4,8.109430978605584e-5
Well boat,2018,207536.52199154135,91,2.4092429944888572e-4,2.6355650680468147e-4
Research,2018,82994.42208390233,59,9.634628549641137e-5,1.7087729562061764e-4
Passenger,2019,162440640.49047157,133761,0.18373938166427428,0.355809796400432
Tanker: oil,2019,146703951.72681466,11191,0.16593934434512161,0.029768523198220966
Cargo: container,2019,144658549.81711212,5410,0.16362575532571785,0.014390823921220213
Cargo: bulk carrier,2019,124885173.743073,13688,0.14125975207499677,0.036410646549660315
Cargo: general,2019,80879029.53006512,55639,0.09148365107765283,0.1480020429117877
Tanker: chemical,2019,59464932.039569974,5430,0.06726179982219153,0.014444024749025095
Tanker: liquefied gas,2019,54658019.47310535,1589,0.06182461895409315,0.004226805769097767
Cargo: ro ro,2019,36355769.803863585,3009,0.04112263189507938,0.008004064543244293
Fishing,2019,33421050.490890536,94985,0.03780312077830623,0.2526640314523294
Tug,2019,13635019.245227316,35324,0.015422803046910554,0.0939633020689802
Supply vessel,2019,6173856.955312403,4092,0.006983355002957652,0.01088488936887858
Specialized reefer,2019,4081924.353867289,530,0.004617134323746477,0.001409821936829337
Container reefer,2019,3260343.6187349744,98,0.003687830328116478,2.6068405624391514e-4
Bunker,2019,2855237.5676526492,2665,0.0032296079577196534,0.007089010305000346
Dredge non fishing,2019,2479754.3959546606,2309,0.0028048925319196926,0.006142035570073471
Seismic vessel,2019,2133850.7223091447,1121,0.002413634981351514,0.00298190639846356
Cargo: refrigerated,2019,1650574.88801648,202,0.001866993434641846,5.373283608292945e-4
Patrol vessel,2019,1514900.2695822986,3140,0.001713529557478082,0.008352529965366262
Other not fishing,2019,1451714.0548373002,1192,0.0016420585512576095,0.003170769337170886
Dive vessel,2019,815075.6868340535,375,9.219460244448947e-4,9.97515521341512e-4
Tanker: other,2019,243439.37184014777,30,2.753584295136526e-4,7.980124170732096e-5
Well boat,2019,229197.71322993495,91,2.5924944632438915e-4,2.4206376651220694e-4
Research,2019,89778.89971555033,63,1.0155044618407377e-4,1.6758260758537402e-4
Passenger,2020,154242125.10085675,141807,0.1754636255458618,0.3600898910642188
Tanker: oil,2020,150425413.70255145,11315,0.17112178949315598,0.028732129707219216
Cargo: container,2020,140142485.23138997,5461,0.15942407779734677,0.013867093268327366
Cargo: bulk carrier,2020,126975735.6371802,14206,0.14444577262329727,0.036073233285086714
Cargo: general,2020,80295522.95715421,58276,0.09134303332472045,0.14797999035067672
Tanker: chemical,2020,60802998.050576806,5469,0.06916861703659784,0.013887407633122573
Tanker: liquefied gas,2020,58719950.17739247,1664,0.06679897170283751,0.004225387877402808
Fishing,2020,34140748.69805578,99058,0.0388380252249115,0.25153754348543717
Cargo: ro ro,2020,32556099.37244508,3089,0.03703535091846864,0.007843884106548843
Tug,2020,13820173.091219608,37229,0.015721630356630007,0.09453543587008964
Supply vessel,2020,5796353.797524302,4052,0.006593848804891039,0.010289225768771743
Specialized reefer,2020,4044736.624573255,504,0.004601234274110844,0.001279804982097966
Bunker,2020,3422525.03171236,2776,0.0038934153052743482,0.007049084583936416
Container reefer,2020,3008708.6381809106,93,0.0034226637212186775,2.3615449074426755e-4
Dredge non fishing,2020,2626238.513841355,2384,0.002987571202649493,0.006053680708971331
Seismic vessel,2020,1988976.104879931,1121,0.002262630641649403,0.002846550366928214
Cargo: refrigerated,2020,1698135.3164803078,189,0.0019317743392232945,4.7992686828673725e-4
Other not fishing,2020,1517500.719774522,1252,0.0017262870171555584,0.003179198090449709
Patrol vessel,2020,1481231.9923793357,3315,0.0016850282339370786,0.008417764912013407
Dive vessel,2020,768119.9925921372,366,8.738022681310184e-4,9.293821893806659e-4
Tanker: other,2020,270582.9315910345,30,3.0781125556164364e-4,7.617886798202179e-5
Well boat,2020,229276.19953614575,94,2.608213106223931e-4,2.3869378634366827e-4
Research,2020,81064.31644134091,60,9.22176017472135e-5,1.5235773596404358e-4
Passenger,2021,178301525.33369884,164357,0.18946104483691106,0.38587524328943756
Cargo: container,2021,154257739.15252152,5803,0.16391240837294596,0.01362420850227618
Tanker: oil,2021,149030257.6629659,11517,0.15835774975169614,0.027039463953250863
Cargo: bulk carrier,2021,136551128.8117731,14899,0.1450975783292895,0.0349796799027077
Cargo: general,2021,81170628.58580953,57288,0.08625092843796192,0.13450002699955158
Tanker: liquefied gas,2021,64343966.63568103,1773,0.06837112091403655,0.004162626516376989
Tanker: chemical,2021,62567204.081069864,5632,0.06648315450772724,0.013222736909326115
Fishing,2021,36500437.16791431,106466,0.038784923179398405,0.249959500672641
Cargo: ro ro,2021,36000253.73522929,3215,0.03825343431193494,0.007548135504879876
Tug,2021,14762878.69430083,38546,0.01568685639109437,0.09049780129738715
Supply vessel,2021,5999680.800110206,4039,0.006375188271381533,0.009482712069738667
Specialized reefer,2021,4001888.8648995017,499,0.004252358717885629,0.0011715457595443414
Bunker,2021,3134898.407708393,2605,0.0033311051415315434,0.006115985377981983
Container reefer,2021,3049768.1107511213,91,0.0032406467173615016,2.1364862548804624e-4
Dredge non fishing,2021,2856094.88962933,2453,0.003034851894451315,0.0057591217398041475
Seismic vessel,2021,2077036.0703799375,1130,0.0022070334133241455,0.0026529994154010136
Cargo: refrigerated,2021,1796713.439035406,178,0.0019091659748568122,4.1790610260299154e-4
Other not fishing,2021,1693030.2291534934,1369,0.0017989934497507735,0.0032141205306937945
Patrol vessel,2021,1595102.2269096237,3515,0.0016949363386902195,0.008252471632862446
Dive vessel,2021,828806.7055690353,370,8.806799835899646e-4,8.686812245118364e-4
Tanker: other,2021,260378.6675675974,29,2.766752237159695e-4,6.808582570498177e-5
Well boat,2021,231234.207674868,96,2.457066730423295e-4,2.2538756095442241e-4
Research,2021,87954.29225110183,63,9.345916742213825e-5,1.4791058687633972e-4
Passenger,2022,208166770.2187883,182248,0.2072291828910371,0.4053026849234642
Tanker: oil,2022,162151422.98874107,11824,0.16142108971215094,0.026295481687234105
Cargo: container,2022,158958093.6033738,5931,0.1582421431466829,0.013189995085164536
Cargo: bulk carrier,2022,141090997.75570878,15523,0.14045552105874848,0.03452171534429423
Cargo: general,2022,74700281.83846653,54607,0.07436383026381041,0.1214409141149182
Tanker: chemical,2022,66775469.69012551,5852,0.06647471162907526,0.013014306396624998
Tanker: liquefied gas,2022,63218569.77494724,1843,0.06293383206278862,0.004098661430105925
Fishing,2022,47338765.588762924,112471,0.0471255508346465,0.25012509479405504
Cargo: ro ro,2022,37606474.9126204,3514,0.03743709459182084,0.007814810778834627
Tug,2022,15629657.627314337,38833,0.015559261334413899,0.0863609980007072
Supply vessel,2022,6663278.388165305,4255,0.006633266848035936,0.009462726199186495
Specialized reefer,2022,3936541.7219962664,479,0.003918811458756708,0.0010652516684865642
Container reefer,2022,3142701.5986791644,88,0.0031285468073513835,1.9570385558834584e-4
Dredge non fishing,2022,3023926.9628546825,2506,0.0030103071348800354,0.005573112069368121
Bunker,2022,2734581.03274826,2539,0.0027222644246733072,0.005646501015213751
Seismic vessel,2022,2202390.5858233552,1155,0.00219247097424531,0.002568613104597039
Other not fishing,2022,2023678.2777610384,1438,0.0020145635900196664,0.00319797891290956
Cargo: refrigerated,2022,1884407.6773493355,141,0.0018759202671986045,3.1357095043132684e-4
Patrol vessel,2022,1862273.8631254088,3852,0.001853886144119952,0.008566491496889865
Dive vessel,2022,848221.1702193952,366,8.444007649765596e-4,8.139501266515292e-4
Tanker: other,2022,255340.7355607448,31,2.541906757425096e-4,6.894113094589455e-5
Well boat,2022,218333.59559281744,100,2.1735021667871395e-4,2.2239074498675663e-4
Research,2022,92218.5222285988,63,9.180316814622242e-5,1.4010616934165667e-4
Passenger,2023,213465820.94601735,198621,0.20248137501869695,0.4132333023337099
Tanker: oil,2023,174816894.06031704,11972,0.16582123043848945,0.024907885347164576
Cargo: container,2023,158406584.5021816,6338,0.1502553565712439,0.01318628277065896
Cargo: bulk carrier,2023,145509641.1847849,16040,0.1380220594332207,0.03337140669633476
Cargo: general,2023,81425668.68505669,55040,0.077235696488088,0.11451136063380707
Tanker: chemical,2023,69047726.1402187,5954,0.06549469357120868,0.012387366301120771
Tanker: liquefied gas,2023,66086442.807460934,1876,0.06268579087016048,0.00390303983555636
Fishing,2023,59162929.02072274,121866,0.05611854471671574,0.25354363144984615
Cargo: ro ro,2023,37299449.32313865,3732,0.0353801079391498,0.007764469438324273
Tug,2023,16511181.717925414,40463,0.015661555384431126,0.08418374246594723
Supply vessel,2023,7008941.943391378,4403,0.006648278379342967,0.009160492748376681
Bunker,2023,5525079.342271895,3543,0.005240771835756891,0.007371252738473446
Specialized reefer,2023,3907046.883414755,471,0.003705999497766876,9.799209821679347e-4
Dredge non fishing,2023,3145670.4832147383,2628,0.0029838017251395134,0.00546758458840198
Container reefer,2023,2984745.5474851984,85,0.002831157605734783,1.7684348935090118e-4
Seismic vessel,2023,2291605.16859039,1229,0.0021736845902533327,0.0025569488048500888
Other not fishing,2023,2250342.5160789546,1539,0.0021345452161820756,0.0032019074130710226
Patrol vessel,2023,2009394.1167576376,4162,0.0019059954512270947,0.00865908944327589
Cargo: refrigerated,2023,1952556.9333628293,128,0.001852082974770824,2.6630548984606296e-4
Dive vessel,2023,859801.0693361592,368,8.155577412355745e-4,7.65628283307431e-4
Tanker: other,2023,268200.8516652789,32,2.54399870600851e-4,6.657637246151574e-5
Well boat,2023,221355.35837501576,98,2.099649355241001e-4,2.0389014066339193e-4
Research,2023,92088.39596719082,63,8.734974506020988e-5,1.310722332836091e-4
Passenger,2024,244723898.73518443,217474,0.2148212200685762,0.4273841552209005
Tanker: oil,2024,180245315.47983935,12769,0.15822123945861113,0.025093888363738555
Cargo: container,2024,179761894.70052737,6855,0.1577968875985965,0.013471579977557192
Cargo: bulk carrier,2024,151508925.9413604,16806,0.132996133562019,0.033027479664890766
Cargo: general,2024,85550848.94867006,55952,0.07509743774122667,0.10995796395394311
Tanker: chemical,2024,70423545.66848482,6138,0.0618185313336705,0.012062517564149678
Tanker: liquefied gas,2024,70169270.72292992,2043,0.06159532610394309,0.004014943529416389
Fishing,2024,64284949.7767592,124182,0.056430007099691155,0.24404489347527458
Cargo: ro ro,2024,38320952.34706792,4051,0.03363853624404255,0.007961104374775228
Tug,2024,17915795.38631765,43041,0.015726674196018732,0.08458501441488536
Bunker,2024,8914482.569915248,3780,0.007825226844810495,0.007428529878215345
Supply vessel,2024,7135165.241456531,4556,0.0062633233226609165,0.008953540244748441
Specialized reefer,2024,3881332.744115749,463,0.0034070748296034076,9.098966491041546e-4
Dredge non fishing,2024,3302868.675385719,2712,0.002899292967461344,0.005329675404687834
Container reefer,2024,2800310.211439858,81,0.0024581418459786683,1.5918278310461453e-4
Seismic vessel,2024,2469197.2415885497,1249,0.002167487387907299,0.002454559211082266
Other not fishing,2024,2347178.049850433,1627,0.0020603776541361475,0.0031974121989038007
Patrol vessel,2024,2070491.884331383,4389,0.001817499619093006,0.008625348580816705
Cargo: refrigerated,2024,1942175.1735039195,122,0.0017048618566284147,2.397567844291725e-4
Dive vessel,2024,848445.8746695295,363,7.447747396174272e-4,7.133746946540133e-4
Tanker: other,2024,283676.13787245395,33,2.4901390651693137e-4,6.485224496854666e-5
Well boat,2024,206049.85939463772,98,1.8087274033670316e-4,1.9259151536113857e-4
Research,2024,91202.91261357148,65,8.005887885374039e-5,1.2773927039259192e-4
Passenger,2025,268857697.38408947,232497,0.22604238667479698,0.4387994292702813
Cargo: container,2025,186915291.1132824,7220,0.15714922399599915,0.013626549500988962
Tanker: oil,2025,179115998.25300327,13499,0.15059196047084655,0.025477117965907202
Cargo: bulk carrier,2025,155827618.85201618,17130,0.1310122314439073,0.03233002672464556
Cargo: general,2025,89617662.02237529,55481,0.07534614187673178,0.10471116244658846
Tanker: chemical,2025,72973721.10228948,6529,0.061352731363080795,0.012322401896392927
Tanker: liquefied gas,2025,70418533.62024452,2162,0.059204454849286665,0.004080415515393094
Fishing,2025,67117600.2005716,126595,0.0564291916684393,0.23892701303015204
Cargo: ro ro,2025,41832971.940416336,4300,0.03517111435200111,0.008115535021364619
Tug,2025,19118142.217648964,44460,0.01607359780922273,0.08391085745345835
Bunker,2025,9971218.175277583,3834,0.008383311976279098,0.007236037505095801
Supply vessel,2025,7154271.054969938,4587,0.006014960776345337,0.008657199800697558
Specialized reefer,2025,3825616.368242355,447,0.003216390911599191,8.436381754767405e-4
Dredge non fishing,2025,3431583.1206345703,2857,0.002885107051828413,0.005392112454892724
Container reefer,2025,2751094.079686825,79,0.0023129851880376736,1.4909936434600113e-4
Seismic vessel,2025,2467237.1964206276,1293,0.0020743322203456366,0.0024403225075870817
Other not fishing,2025,2354982.227920205,1645,0.0019799537396741683,0.003104663979103441
Patrol vessel,2025,2158612.747972446,4565,0.0018148558966540084,0.008615678458727787
Cargo: refrigerated,2025,2064960.0373451016,120,0.0017361172834964077,2.264800471078498e-4
Dive vessel,2025,853406.0616646487,348,7.175020274975842e-4,6.567921366127644e-4
Tanker: other,2025,285844.27439206734,35,2.403238688331195e-4,6.605668040645619e-5
Well boat,2025,211020.2506308615,97,1.7741549359909285e-4,1.8307137141217858e-4
Research,2025,87670.4977423044,68,7.370906149778935e-5,1.283386933611149e-4
