time,fishing,inside_footprint,s1_imaged,emissions_co2_mt,emissions_co2_dark_mt
2017-01-01,FALSE,FALSE,FALSE,17076232.2,3425.14813
2017-01-01,FALSE,TRUE,FALSE,2490002.54,1944074.67
2017-01-01,FALSE,TRUE,TRUE,42606256.5,13691064.8
2017-01-01,TRUE,FALSE,FALSE,448034.334,2839.00429
2017-01-01,TRUE,TRUE,FALSE,48312.6296,97403.1198
2017-01-01,TRUE,TRUE,TRUE,1393832.64,1343322.84
2017-02-01,FALSE,FALSE,FALSE,12994293.5,577.810188
2017-02-01,FALSE,TRUE,FALSE,522404.91,459676.781
2017-02-01,FALSE,TRUE,TRUE,42763201.2,15930638
2017-02-01,TRUE,FALSE,FALSE,332593.008,7353.6167
2017-02-01,TRUE,TRUE,FALSE,4135.45128,12964.3454
2017-02-01,TRUE,TRUE,TRUE,1495369.92,1539948.08
2017-03-01,FALSE,FALSE,FALSE,14263228.9,1866.51429
2017-03-01,FALSE,TRUE,FALSE,156946.475,117008.681
2017-03-01,FALSE,TRUE,TRUE,50169283.3,17552514.6
2017-03-01,TRUE,FALSE,FALSE,425747.246,4834.50459
2017-03-01,TRUE,TRUE,FALSE,9328.67692,10212.9787
2017-03-01,TRUE,TRUE,TRUE,1887485.86,1976668.77
2017-04-01,FALSE,FALSE,FALSE,14434750.8,1788.56228
2017-04-01,FALSE,TRUE,FALSE,311456.395,530391.322
2017-04-01,FALSE,TRUE,TRUE,50125257.4,17789638.2
2017-04-01,TRUE,FALSE,FALSE,398459.745,4252.4475
2017-04-01,TRUE,TRUE,FALSE,13114.2518,60366.0305
2017-04-01,TRUE,TRUE,TRUE,2101832.85,2230827.93
2017-05-01,FALSE,FALSE,FALSE,14915004.8,1126.7263600000001
2017-05-01,FALSE,TRUE,FALSE,429823.578,560516.376
2017-05-01,FALSE,TRUE,TRUE,53742788.1,18098244.3
2017-05-01,TRUE,FALSE,FALSE,419376.026,1920.35966
2017-05-01,TRUE,TRUE,FALSE,6138.60375,38883.0363
2017-05-01,TRUE,TRUE,TRUE,1505756.24,1723183.31
2017-06-01,FALSE,FALSE,FALSE,14164052.5,1587.56561
2017-06-01,FALSE,TRUE,FALSE,421337.254,566151.024
2017-06-01,FALSE,TRUE,TRUE,53200039.4,18495712.8
2017-06-01,TRUE,FALSE,FALSE,440778.193,2433.70942
2017-06-01,TRUE,TRUE,FALSE,8027.30206,33226.5697
2017-06-01,TRUE,TRUE,TRUE,1450028.29,1787631.86
2017-07-01,FALSE,FALSE,FALSE,14564573,1596.31929
2017-07-01,FALSE,TRUE,FALSE,448225.633,600651.861
2017-07-01,FALSE,TRUE,TRUE,56733858.7,18585927.5
2017-07-01,TRUE,FALSE,FALSE,465998.756,1502.08648
2017-07-01,TRUE,TRUE,FALSE,13152.4871,32982.5015
2017-07-01,TRUE,TRUE,TRUE,1625138.64,1831816.14
2017-08-01,FALSE,FALSE,FALSE,14789612.1,1649.52447
2017-08-01,FALSE,TRUE,FALSE,334160.767,483474.825
2017-08-01,FALSE,TRUE,TRUE,56617924.7,18268693.4
2017-08-01,TRUE,FALSE,FALSE,460327.301,1908.4315
2017-08-01,TRUE,TRUE,FALSE,5751.66487,22389.5832
2017-08-01,TRUE,TRUE,TRUE,2259342.57,2352722.82
2017-09-01,FALSE,FALSE,FALSE,14432546.1,1601.56136
2017-09-01,FALSE,TRUE,FALSE,379145.382,432157.678
2017-09-01,FALSE,TRUE,TRUE,53328314.1,17733665
2017-09-01,TRUE,FALSE,FALSE,446542.236,1624.59577
2017-09-01,TRUE,TRUE,FALSE,8689.79274,31892.0974
2017-09-01,TRUE,TRUE,TRUE,3035481.85,2794580.99
2017-10-01,FALSE,FALSE,FALSE,14462930.1,2712.08982
2017-10-01,FALSE,TRUE,FALSE,313502.291,430269.161
2017-10-01,FALSE,TRUE,TRUE,52768620.1,18191547.5
2017-10-01,TRUE,FALSE,FALSE,462835.842,2299.39111
2017-10-01,TRUE,TRUE,FALSE,3088.73973,16302.9052
2017-10-01,TRUE,TRUE,TRUE,2548714.68,2344165.16
2017-11-01,FALSE,FALSE,FALSE,14652581,1921.53033
2017-11-01,FALSE,TRUE,FALSE,318646.503,564081.458
2017-11-01,FALSE,TRUE,TRUE,50180402.8,17799500.1
2017-11-01,TRUE,FALSE,FALSE,432539.09,1598.10388
2017-11-01,TRUE,TRUE,FALSE,5282.07526,13932.3588
2017-11-01,TRUE,TRUE,TRUE,2281888.62,2195817.79
2017-12-01,FALSE,FALSE,FALSE,15016610.1,3665.00205
2017-12-01,FALSE,TRUE,FALSE,263857.41,432616.492
2017-12-01,FALSE,TRUE,TRUE,50993216.4,17066407.2
2017-12-01,TRUE,FALSE,FALSE,397830.973,2609.56053
2017-12-01,TRUE,TRUE,FALSE,4049.27207,12270.1076
2017-12-01,TRUE,TRUE,TRUE,1988561.87,1796038.73
2018-01-01,FALSE,FALSE,FALSE,14622755.6,1859.24028
2018-01-01,FALSE,TRUE,FALSE,310176.688,369225.659
2018-01-01,FALSE,TRUE,TRUE,50996431.1,16124124
2018-01-01,TRUE,FALSE,FALSE,380825.666,1209.90343
2018-01-01,TRUE,TRUE,FALSE,4071.77243,10182.815
2018-01-01,TRUE,TRUE,TRUE,1912530.9,1493387.15
2018-02-01,FALSE,FALSE,FALSE,13119763.1,7894.70192
2018-02-01,FALSE,TRUE,FALSE,348636.795,550502.996
2018-02-01,FALSE,TRUE,TRUE,46340393,15110279.2
2018-02-01,TRUE,FALSE,FALSE,344069.657,5067.32708
2018-02-01,TRUE,TRUE,FALSE,3547.50174,13175.5188
2018-02-01,TRUE,TRUE,TRUE,1688834.91,1353168.52
2018-03-01,FALSE,FALSE,FALSE,14498575.7,4567.70061
2018-03-01,FALSE,TRUE,FALSE,351483.256,595840.805
2018-03-01,FALSE,TRUE,TRUE,52579724,17015429.7
2018-03-01,TRUE,FALSE,FALSE,439244.17,9480.49613
2018-03-01,TRUE,TRUE,FALSE,13942.3444,29194.188
2018-03-01,TRUE,TRUE,TRUE,2199107.65,1859290.91
2018-04-01,FALSE,FALSE,FALSE,14137851.1,3224.62213
2018-04-01,FALSE,TRUE,FALSE,401914.961,628220.072
2018-04-01,FALSE,TRUE,TRUE,53021845.1,17108142.6
2018-04-01,TRUE,FALSE,FALSE,440212.744,2496.93096
2018-04-01,TRUE,TRUE,FALSE,22602.9795,36796.0831
2018-04-01,TRUE,TRUE,TRUE,2429746.94,1924177.04
2018-05-01,FALSE,FALSE,FALSE,15049888.1,6781.48923
2018-05-01,FALSE,TRUE,FALSE,435364.527,681346.838
2018-05-01,FALSE,TRUE,TRUE,57426305.8,17660153
2018-05-01,TRUE,FALSE,FALSE,498031.906,1628.80329
2018-05-01,TRUE,TRUE,FALSE,7232.34536,25751.7801
2018-05-01,TRUE,TRUE,TRUE,1689974.82,1612427.86
2018-06-01,FALSE,FALSE,FALSE,14306907.3,6622.82195
2018-06-01,FALSE,TRUE,FALSE,462816.605,597318.24
2018-06-01,FALSE,TRUE,TRUE,56395337.5,17389082.9
2018-06-01,TRUE,FALSE,FALSE,480350.122,2101.68971
2018-06-01,TRUE,TRUE,FALSE,20681.1126,27945.0572
2018-06-01,TRUE,TRUE,TRUE,1597913.82,1665975.19
2018-07-01,FALSE,FALSE,FALSE,14701616.3,3288.0474
2018-07-01,FALSE,TRUE,FALSE,438551.037,575346.842
2018-07-01,FALSE,TRUE,TRUE,59665950.7,18035578.6
2018-07-01,TRUE,FALSE,FALSE,516362.389,1768.6746
2018-07-01,TRUE,TRUE,FALSE,25608.5455,28682.7054
2018-07-01,TRUE,TRUE,TRUE,1785229.45,1752902.32
2018-08-01,FALSE,FALSE,FALSE,14466562.6,13855.3245
2018-08-01,FALSE,TRUE,FALSE,434470.611,419202.493
2018-08-01,FALSE,TRUE,TRUE,59193279.5,17693652.2
2018-08-01,TRUE,FALSE,FALSE,490279.145,2100.26856
2018-08-01,TRUE,TRUE,FALSE,8062.42117,16153.7745
2018-08-01,TRUE,TRUE,TRUE,2326835.11,2334830.46
2018-09-01,FALSE,FALSE,FALSE,14420824.2,1389.75334
2018-09-01,FALSE,TRUE,FALSE,462845.472,391838.687
2018-09-01,FALSE,TRUE,TRUE,55372739.5,18063087.7
2018-09-01,TRUE,FALSE,FALSE,461520.128,2077.86595
2018-09-01,TRUE,TRUE,FALSE,9749.01909,25215.9901
2018-09-01,TRUE,TRUE,TRUE,2909233.94,2644092.66
2018-10-01,FALSE,FALSE,FALSE,14895558.4,6304.82776
2018-10-01,FALSE,TRUE,FALSE,506639.281,401277.685
2018-10-01,FALSE,TRUE,TRUE,55460917.2,17862450.1
2018-10-01,TRUE,FALSE,FALSE,479944.887,1477.12603
2018-10-01,TRUE,TRUE,FALSE,13639.2178,26885.071
2018-10-01,TRUE,TRUE,TRUE,2799525.1,2458622.56
2018-11-01,FALSE,FALSE,FALSE,14618729.2,8261.80053
2018-11-01,FALSE,TRUE,FALSE,536586.348,507118.951
2018-11-01,FALSE,TRUE,TRUE,51781305,17831997.6
2018-11-01,TRUE,FALSE,FALSE,403379.047,1920.62024
2018-11-01,TRUE,TRUE,FALSE,20391.4568,23274.6895
2018-11-01,TRUE,TRUE,TRUE,2502245.22,2369138.82
2018-12-01,FALSE,FALSE,FALSE,15104393.9,10956.45
2018-12-01,FALSE,TRUE,FALSE,512669.605,522330.167
2018-12-01,FALSE,TRUE,TRUE,52512794.7,16844013.3
2018-12-01,TRUE,FALSE,FALSE,391106.077,2164.95119
2018-12-01,TRUE,TRUE,FALSE,12449.898,20862.1866
2018-12-01,TRUE,TRUE,TRUE,2196887.97,1802292.72
2019-01-01,FALSE,FALSE,FALSE,14852617.1,5747.57366
2019-01-01,FALSE,TRUE,FALSE,617552.951,521531.191
2019-01-01,FALSE,TRUE,TRUE,52156134.4,16287263.6
2019-01-01,TRUE,FALSE,FALSE,398270.072,2740.2945
2019-01-01,TRUE,TRUE,FALSE,11882.1484,18202.4712
2019-01-01,TRUE,TRUE,TRUE,2060324.91,1573463.51
2019-02-01,FALSE,FALSE,FALSE,12568735.9,6751.13526
2019-02-01,FALSE,TRUE,FALSE,613715.72,483562.025
2019-02-01,FALSE,TRUE,TRUE,47031871.9,15977894.7
2019-02-01,TRUE,FALSE,FALSE,371350.873,3521.58458
2019-02-01,TRUE,TRUE,FALSE,8070.94328,21954.3367
2019-02-01,TRUE,TRUE,TRUE,1827886.52,1446085.23
2019-03-01,FALSE,FALSE,FALSE,14445153.9,672.005499
2019-03-01,FALSE,TRUE,FALSE,569960.329,638123.064
2019-03-01,FALSE,TRUE,TRUE,53984241.6,17667656.9
2019-03-01,TRUE,FALSE,FALSE,448035.786,4683.31991
2019-03-01,TRUE,TRUE,FALSE,19562.2902,31194.7032
2019-03-01,TRUE,TRUE,TRUE,2335688.71,1828566.7
2019-04-01,FALSE,FALSE,FALSE,14558974.8,1382.93736
2019-04-01,FALSE,TRUE,FALSE,721175.487,687259.581
2019-04-01,FALSE,TRUE,TRUE,53812419.6,17461904.5
2019-04-01,TRUE,FALSE,FALSE,448771.059,1126.63649
2019-04-01,TRUE,TRUE,FALSE,37332.5057,49589.0986
2019-04-01,TRUE,TRUE,TRUE,2467942.52,2071981.34
2019-05-01,FALSE,FALSE,FALSE,14982137.4,8930.78769
2019-05-01,FALSE,TRUE,FALSE,647176.118,725619.626
2019-05-01,FALSE,TRUE,TRUE,57675634.6,18239443.2
2019-05-01,TRUE,FALSE,FALSE,473528.529,1112.01155
2019-05-01,TRUE,TRUE,FALSE,34712.9816,48862.157
2019-05-01,TRUE,TRUE,TRUE,1853152.04,1594939.81
2019-06-01,FALSE,FALSE,FALSE,13896205.5,3408.52213
2019-06-01,FALSE,TRUE,FALSE,528095.879,623781.638
2019-06-01,FALSE,TRUE,TRUE,58000169.1,18196951.5
2019-06-01,TRUE,FALSE,FALSE,471572.452,977.333846
2019-06-01,TRUE,TRUE,FALSE,36289.0028,44798.9313
2019-06-01,TRUE,TRUE,TRUE,1766935.71,1650592.19
2019-07-01,FALSE,FALSE,FALSE,14352513.4,18169.8138
2019-07-01,FALSE,TRUE,FALSE,515636.075,566716.61
2019-07-01,FALSE,TRUE,TRUE,61693999.1,18876043
2019-07-01,TRUE,FALSE,FALSE,501832.265,768.830685
2019-07-01,TRUE,TRUE,FALSE,58955.536,45384.1481
2019-07-01,TRUE,TRUE,TRUE,1892614.91,1627289.54
2019-08-01,FALSE,FALSE,FALSE,14336711.5,1607.66432
2019-08-01,FALSE,TRUE,FALSE,456457.191,362414.623
2019-08-01,FALSE,TRUE,TRUE,61795242.1,18671443.3
2019-08-01,TRUE,FALSE,FALSE,508721.02,1370.96601
2019-08-01,TRUE,TRUE,FALSE,21464.872,29185.151
2019-08-01,TRUE,TRUE,TRUE,2422299.1,2092634.59
2019-09-01,FALSE,FALSE,FALSE,14174665.3,5474.70476
2019-09-01,FALSE,TRUE,FALSE,315070.73,175429.405
2019-09-01,FALSE,TRUE,TRUE,57969741.1,18580711.1
2019-09-01,TRUE,FALSE,FALSE,480611.257,1591.55427
2019-09-01,TRUE,TRUE,FALSE,26831.5218,20618.8782
2019-09-01,TRUE,TRUE,TRUE,3217741.02,2426296.03
2019-10-01,FALSE,FALSE,FALSE,14708696.6,10341.1716
2019-10-01,FALSE,TRUE,FALSE,468690.39,433893.277
2019-10-01,FALSE,TRUE,TRUE,57923414.8,18494263.6
2019-10-01,TRUE,FALSE,FALSE,495899.758,966.277956
2019-10-01,TRUE,TRUE,FALSE,22627.8433,25902.7068
2019-10-01,TRUE,TRUE,TRUE,2937322.3,2285935.51
2019-11-01,FALSE,FALSE,FALSE,14499273,12873.8496
2019-11-01,FALSE,TRUE,FALSE,373546.274,462297.217
2019-11-01,FALSE,TRUE,TRUE,54425786.7,18591732.2
2019-11-01,TRUE,FALSE,FALSE,423090.716,1303.93551
2019-11-01,TRUE,TRUE,FALSE,19290.4036,27324.8072
2019-11-01,TRUE,TRUE,TRUE,2617445.84,2169125.09
2019-12-01,FALSE,FALSE,FALSE,15007446.2,21341.4259
2019-12-01,FALSE,TRUE,FALSE,445967.003,494394.948
2019-12-01,FALSE,TRUE,TRUE,55537653,18020594.4
2019-12-01,TRUE,FALSE,FALSE,417542.068,1689.68338
2019-12-01,TRUE,TRUE,FALSE,30387.6357,40071.1996
2019-12-01,TRUE,TRUE,TRUE,2253314.89,1818883.26
2020-01-01,FALSE,FALSE,FALSE,14258698.9,15259.589
2020-01-01,FALSE,TRUE,FALSE,541544.283,536613.192
2020-01-01,FALSE,TRUE,TRUE,54040556,16405868.9
2020-01-01,TRUE,FALSE,FALSE,453531.42,1164.47759
2020-01-01,TRUE,TRUE,FALSE,36339.3818,52258.0677
2020-01-01,TRUE,TRUE,TRUE,2014211.31,1432417.03
2020-02-01,FALSE,FALSE,FALSE,12738645.4,10683.36
2020-02-01,FALSE,TRUE,FALSE,561014.029,605018.519
2020-02-01,FALSE,TRUE,TRUE,49440291.5,16541708.5
2020-02-01,TRUE,FALSE,FALSE,419046.692,12450.3008
2020-02-01,TRUE,TRUE,FALSE,53262.1304,57172.0959
2020-02-01,TRUE,TRUE,TRUE,1771315.6,1268279.02
2020-03-01,FALSE,FALSE,FALSE,13838911.8,8388.63186
2020-03-01,FALSE,TRUE,FALSE,492833.513,585511.133
2020-03-01,FALSE,TRUE,TRUE,54317144,17233783.8
2020-03-01,TRUE,FALSE,FALSE,499383.383,4811.49219
2020-03-01,TRUE,TRUE,FALSE,56817.7176,58404.5495
2020-03-01,TRUE,TRUE,TRUE,2306842.6,1766824.57
2020-04-01,FALSE,FALSE,FALSE,13843022.8,9458.22697
2020-04-01,FALSE,TRUE,FALSE,492353.562,655597.833
2020-04-01,FALSE,TRUE,TRUE,52383247.1,17431687.2
2020-04-01,TRUE,FALSE,FALSE,480446.65,1016.23881
2020-04-01,TRUE,TRUE,FALSE,51102.327,50028.4508
2020-04-01,TRUE,TRUE,TRUE,2487890.16,1990581.56
2020-05-01,FALSE,FALSE,FALSE,14307735.8,10996.5821
2020-05-01,FALSE,TRUE,FALSE,546845.025,633986.53
2020-05-01,FALSE,TRUE,TRUE,54851964.8,18067327.9
2020-05-01,TRUE,FALSE,FALSE,511044.91,1619.05197
2020-05-01,TRUE,TRUE,FALSE,47981.9489,46899.7185
2020-05-01,TRUE,TRUE,TRUE,1942784.93,1525750.35
2020-06-01,FALSE,FALSE,FALSE,13577347.7,11763.0112
2020-06-01,FALSE,TRUE,FALSE,554540.933,656222.053
2020-06-01,FALSE,TRUE,TRUE,55040511.2,18116263.5
2020-06-01,TRUE,FALSE,FALSE,510642.483,1339.52665
2020-06-01,TRUE,TRUE,FALSE,43519.7132,42355.3578
2020-06-01,TRUE,TRUE,TRUE,1889764.03,1631261.03
2020-07-01,FALSE,FALSE,FALSE,14306426.4,8222.89242
2020-07-01,FALSE,TRUE,FALSE,522281.622,539615.529
2020-07-01,FALSE,TRUE,TRUE,60075477.9,18944205.2
2020-07-01,TRUE,FALSE,FALSE,528416.35,2692.08783
2020-07-01,TRUE,TRUE,FALSE,59105.4049,39375.1787
2020-07-01,TRUE,TRUE,TRUE,2008765.29,1670976.76
2020-08-01,FALSE,FALSE,FALSE,14427657.4,4031.05913
2020-08-01,FALSE,TRUE,FALSE,402845.135,344650.199
2020-08-01,FALSE,TRUE,TRUE,61470620.7,18679802.9
2020-08-01,TRUE,FALSE,FALSE,483590.463,1069.13225
2020-08-01,TRUE,TRUE,FALSE,60287.8881,35259.5761
2020-08-01,TRUE,TRUE,TRUE,2510797.47,2125589.48
2020-09-01,FALSE,FALSE,FALSE,14288564.7,613.217655
2020-09-01,FALSE,TRUE,FALSE,318771.68,305483.142
2020-09-01,FALSE,TRUE,TRUE,58215699.3,18662776.1
2020-09-01,TRUE,FALSE,FALSE,468713.284,797.281325
2020-09-01,TRUE,TRUE,FALSE,43960.0359,28168.3889
2020-09-01,TRUE,TRUE,TRUE,3153410,2579698.71
2020-10-01,FALSE,FALSE,FALSE,14600843.4,8868.82085
2020-10-01,FALSE,TRUE,FALSE,521635.654,517713.733
2020-10-01,FALSE,TRUE,TRUE,58556931.7,18526250.5
2020-10-01,TRUE,FALSE,FALSE,477068.434,1150.83013
2020-10-01,TRUE,TRUE,FALSE,36424.2297,28637.1413
2020-10-01,TRUE,TRUE,TRUE,2860335.4,2198649.86
2020-11-01,FALSE,FALSE,FALSE,14789007.3,18346.3573
2020-11-01,FALSE,TRUE,FALSE,481539.144,498620.71
2020-11-01,FALSE,TRUE,TRUE,54782891.5,17963651.8
2020-11-01,TRUE,FALSE,FALSE,462218.567,1450.4137
2020-11-01,TRUE,TRUE,FALSE,36308.7428,34187.579
2020-11-01,TRUE,TRUE,TRUE,2552068.57,2178275.7
2020-12-01,FALSE,FALSE,FALSE,15457860,21094.8547
2020-12-01,FALSE,TRUE,FALSE,442970.916,555509.432
2020-12-01,FALSE,TRUE,TRUE,55426425.5,17098421.1
2020-12-01,TRUE,FALSE,FALSE,421596.664,1700.57057
2020-12-01,TRUE,TRUE,FALSE,46024.3758,33150.2077
2020-12-01,TRUE,TRUE,TRUE,2354025.3,1829229.6
2021-01-01,FALSE,FALSE,FALSE,15440848,8736.13022
2021-01-01,FALSE,TRUE,FALSE,563867.106,555605.249
2021-01-01,FALSE,TRUE,TRUE,54995689.7,16205535.6
2021-01-01,TRUE,FALSE,FALSE,403266.957,1142.28075
2021-01-01,TRUE,TRUE,FALSE,81728.481,43252.9302
2021-01-01,TRUE,TRUE,TRUE,2195492.9,1502620.75
2021-02-01,FALSE,FALSE,FALSE,13561120.6,15027.3836
2021-02-01,FALSE,TRUE,FALSE,576225.43,665386.218
2021-02-01,FALSE,TRUE,TRUE,49306985.4,15794723.3
2021-02-01,TRUE,FALSE,FALSE,383222.009,14733.6387
2021-02-01,TRUE,TRUE,FALSE,97114.4241,59831.8799
2021-02-01,TRUE,TRUE,TRUE,1982876.03,1411303.62
2021-03-01,FALSE,FALSE,FALSE,15556541.6,8211.45806
2021-03-01,FALSE,TRUE,FALSE,519013.545,680608.558
2021-03-01,FALSE,TRUE,TRUE,57168928.6,17446453.1
2021-03-01,TRUE,FALSE,FALSE,461247.022,4474.343
2021-03-01,TRUE,TRUE,FALSE,85211.1642,63109.7236
2021-03-01,TRUE,TRUE,TRUE,2483824,1846722.97
2021-04-01,FALSE,FALSE,FALSE,15040440.8,4036.51908
2021-04-01,FALSE,TRUE,FALSE,483305.668,580072.312
2021-04-01,FALSE,TRUE,TRUE,57337637.5,17478893.8
2021-04-01,TRUE,FALSE,FALSE,463336.276,676.68988
2021-04-01,TRUE,TRUE,FALSE,71596.3014,47647.3152
2021-04-01,TRUE,TRUE,TRUE,2540110.67,2029300.47
2021-05-01,FALSE,FALSE,FALSE,15710954.7,7652.88497
2021-05-01,FALSE,TRUE,FALSE,575123.208,635238.006
2021-05-01,FALSE,TRUE,TRUE,61814933.3,17839753.3
2021-05-01,TRUE,FALSE,FALSE,516806.33,2406.91297
2021-05-01,TRUE,TRUE,FALSE,36202.5508,36954.2094
2021-05-01,TRUE,TRUE,TRUE,2129811.76,1465895.31
2021-06-01,FALSE,FALSE,FALSE,15748554.1,5507.34013
2021-06-01,FALSE,TRUE,FALSE,490452.556,625019.338
2021-06-01,FALSE,TRUE,TRUE,63320428.8,18325218.6
2021-06-01,TRUE,FALSE,FALSE,538273.271,931.193884
2021-06-01,TRUE,TRUE,FALSE,48161.4432,50818.2845
2021-06-01,TRUE,TRUE,TRUE,2109532.9,1539497.5
2021-07-01,FALSE,FALSE,FALSE,15562614.5,7093.44869
2021-07-01,FALSE,TRUE,FALSE,240726.194,185741.232
2021-07-01,FALSE,TRUE,TRUE,67129208.2,18762253.4
2021-07-01,TRUE,FALSE,FALSE,512886.808,776.2476
2021-07-01,TRUE,TRUE,FALSE,55093.7285,28035.2537
2021-07-01,TRUE,TRUE,TRUE,2234519.89,1470617.4
2021-08-01,FALSE,FALSE,FALSE,15792310.6,19300.9455
2021-08-01,FALSE,TRUE,FALSE,503890.011,611794.317
2021-08-01,FALSE,TRUE,TRUE,66964107.7,18794477
2021-08-01,TRUE,FALSE,FALSE,500292.231,757.306807
2021-08-01,TRUE,TRUE,FALSE,60530.0326,33685.802
2021-08-01,TRUE,TRUE,TRUE,2557000.17,2030059.55
2021-09-01,FALSE,FALSE,FALSE,15263996.1,13678.4169
2021-09-01,FALSE,TRUE,FALSE,566113.811,690480.422
2021-09-01,FALSE,TRUE,TRUE,62389694.5,18469939.6
2021-09-01,TRUE,FALSE,FALSE,483997.502,855.318229
2021-09-01,TRUE,TRUE,FALSE,54382.5847,38912.5233
2021-09-01,TRUE,TRUE,TRUE,3260324.49,2534566.01
2021-10-01,FALSE,FALSE,FALSE,15899307.2,4617.12197
2021-10-01,FALSE,TRUE,FALSE,486099.741,532910.464
2021-10-01,FALSE,TRUE,TRUE,61732282.2,18844048.6
2021-10-01,TRUE,FALSE,FALSE,482247.234,1133.83952
2021-10-01,TRUE,TRUE,FALSE,42088.3041,32234.5509
2021-10-01,TRUE,TRUE,TRUE,2958504.52,2191640.61
2021-11-01,FALSE,FALSE,FALSE,13625360,19738.7471
2021-11-01,FALSE,TRUE,FALSE,424323.458,313541.54
2021-11-01,FALSE,TRUE,TRUE,53642473,19235428.9
2021-11-01,TRUE,FALSE,FALSE,471935.913,1341.65198
2021-11-01,TRUE,TRUE,FALSE,49566.9187,93535.8807
2021-11-01,TRUE,TRUE,TRUE,1813788.65,2256587.03
2021-12-01,FALSE,FALSE,FALSE,15160712.8,33316.2879
2021-12-01,FALSE,TRUE,FALSE,335883.065,291919.882
2021-12-01,FALSE,TRUE,TRUE,60669656,18078939.2
2021-12-01,TRUE,FALSE,FALSE,423003.63,2159.93107
2021-12-01,TRUE,TRUE,FALSE,526616.782,485498.971
2021-12-01,TRUE,TRUE,TRUE,3384203.45,2801201.23
2022-01-01,FALSE,FALSE,FALSE,17299162.1,40804.5961
2022-01-01,FALSE,TRUE,FALSE,1680209.96,965638.28
2022-01-01,FALSE,TRUE,TRUE,55532483.9,15693283.5
2022-01-01,TRUE,FALSE,FALSE,477597.45,1965.29256
2022-01-01,TRUE,TRUE,FALSE,579192.699,507376.474
2022-01-01,TRUE,TRUE,TRUE,2730255.97,2010767.51
2022-02-01,FALSE,FALSE,FALSE,15075831.3,7587.57169
2022-02-01,FALSE,TRUE,FALSE,1343819.84,828904.529
2022-02-01,FALSE,TRUE,TRUE,50615616.8,15703339.6
2022-02-01,TRUE,FALSE,FALSE,464119.057,3243.1964
2022-02-01,TRUE,TRUE,FALSE,374372.717,410607.732
2022-02-01,TRUE,TRUE,TRUE,2174460.09,1773630.02
2022-03-01,FALSE,FALSE,FALSE,16840837.4,634.393255
2022-03-01,FALSE,TRUE,FALSE,983114.695,704153.678
2022-03-01,FALSE,TRUE,TRUE,58587659.4,17052345
2022-03-01,TRUE,FALSE,FALSE,561176.268,4920.35816
2022-03-01,TRUE,TRUE,FALSE,446458.222,468473.356
2022-03-01,TRUE,TRUE,TRUE,2706472.4,2110457.93
2022-04-01,FALSE,FALSE,FALSE,16166975.9,12438.5105
2022-04-01,FALSE,TRUE,FALSE,848865.08,674675.156
2022-04-01,FALSE,TRUE,TRUE,59135029,17864766.2
2022-04-01,TRUE,FALSE,FALSE,542791.316,2935.06091
2022-04-01,TRUE,TRUE,FALSE,418601.205,490969.02
2022-04-01,TRUE,TRUE,TRUE,2858910.42,2460551.94
2022-05-01,FALSE,FALSE,FALSE,16856744.6,29195.413
2022-05-01,FALSE,TRUE,FALSE,1002178.66,795037.256
2022-05-01,FALSE,TRUE,TRUE,64093663,18388367.3
2022-05-01,TRUE,FALSE,FALSE,521613.62,1101.08629
2022-05-01,TRUE,TRUE,FALSE,125718.291,307224.973
2022-05-01,TRUE,TRUE,TRUE,2157390.37,1797073.35
2022-06-01,FALSE,FALSE,FALSE,16333426.1,7104.60964
2022-06-01,FALSE,TRUE,FALSE,1104299.68,759802.403
2022-06-01,FALSE,TRUE,TRUE,64561246.6,18209803
2022-06-01,TRUE,FALSE,FALSE,564782.041,1973.68465
2022-06-01,TRUE,TRUE,FALSE,154379.647,315854.468
2022-06-01,TRUE,TRUE,TRUE,2039786.86,1734217.07
2022-07-01,FALSE,FALSE,FALSE,16832931.3,16618.4022
2022-07-01,FALSE,TRUE,FALSE,1059255.56,884434.396
2022-07-01,FALSE,TRUE,TRUE,69363106,18322899.9
2022-07-01,TRUE,FALSE,FALSE,580122.612,1613.18986
2022-07-01,TRUE,TRUE,FALSE,191544.252,346289.436
2022-07-01,TRUE,TRUE,TRUE,2186664.9,1684768
2022-08-01,FALSE,FALSE,FALSE,16885181.9,19128.9653
2022-08-01,FALSE,TRUE,FALSE,805769.409,617684.381
2022-08-01,FALSE,TRUE,TRUE,69573834.5,18329629.1
2022-08-01,TRUE,FALSE,FALSE,607077.965,1728.10948
2022-08-01,TRUE,TRUE,FALSE,397965.851,509304.106
2022-08-01,TRUE,TRUE,TRUE,3073625.07,2732449.69
2022-09-01,FALSE,FALSE,FALSE,16294543,1715.48722
2022-09-01,FALSE,TRUE,FALSE,725813.298,581112.424
2022-09-01,FALSE,TRUE,TRUE,63665478.4,18437209.2
2022-09-01,TRUE,FALSE,FALSE,567066.045,1566.53016
2022-09-01,TRUE,TRUE,FALSE,408260.824,518955.952
2022-09-01,TRUE,TRUE,TRUE,3935482.04,3009988.9
2022-10-01,FALSE,FALSE,FALSE,17640350.1,19972.5833
2022-10-01,FALSE,TRUE,FALSE,766457.093,619568.467
2022-10-01,FALSE,TRUE,TRUE,64104443.3,18304213.2
2022-10-01,TRUE,FALSE,FALSE,571133.99,2149.82664
2022-10-01,TRUE,TRUE,FALSE,692878.212,633815.011
2022-10-01,TRUE,TRUE,TRUE,3908515.15,3269750.9
2022-11-01,FALSE,FALSE,FALSE,18551909.4,29011.5391
2022-11-01,FALSE,TRUE,FALSE,855920.631,662594.674
2022-11-01,FALSE,TRUE,TRUE,61021881,18483059.2
2022-11-01,TRUE,FALSE,FALSE,541199.587,2549.85571
2022-11-01,TRUE,TRUE,FALSE,814090.455,665493.833
2022-11-01,TRUE,TRUE,TRUE,4327348.13,3159362.87
2022-12-01,FALSE,FALSE,FALSE,18471712.7,42038.0621
2022-12-01,FALSE,TRUE,FALSE,912853.315,692911.607
2022-12-01,FALSE,TRUE,TRUE,61594744.3,17457057.5
2022-12-01,TRUE,FALSE,FALSE,502706.737,2974.13279
2022-12-01,TRUE,TRUE,FALSE,540298.007,557462.961
2022-12-01,TRUE,TRUE,TRUE,3592990.41,2094684.16
2023-01-01,FALSE,FALSE,FALSE,17767226.7,28252.3315
2023-01-01,FALSE,TRUE,FALSE,1080067.93,759607.356
2023-01-01,FALSE,TRUE,TRUE,58643662.9,15352656.6
2023-01-01,TRUE,FALSE,FALSE,520798.784,2490.14471
2023-01-01,TRUE,TRUE,FALSE,478891.509,489652.394
2023-01-01,TRUE,TRUE,TRUE,3121778.96,1681091.4
2023-02-01,FALSE,FALSE,FALSE,16386021.7,27961.3006
2023-02-01,FALSE,TRUE,FALSE,774328.27,730430.64
2023-02-01,FALSE,TRUE,TRUE,54304759.5,15625107
2023-02-01,TRUE,FALSE,FALSE,528538.794,10069.5097
2023-02-01,TRUE,TRUE,FALSE,737540.48,547529.529
2023-02-01,TRUE,TRUE,TRUE,3150484.97,1948730.02
2023-03-01,FALSE,FALSE,FALSE,18755819.9,28221.7847
2023-03-01,FALSE,TRUE,FALSE,928233.48,781550.491
2023-03-01,FALSE,TRUE,TRUE,61865240.9,16377026.2
2023-03-01,TRUE,FALSE,FALSE,596625.659,3609.23473
2023-03-01,TRUE,TRUE,FALSE,766292.014,618501.038
2023-03-01,TRUE,TRUE,TRUE,4015537.11,2511680.52
2023-04-01,FALSE,FALSE,FALSE,18146355.8,28410.6077
2023-04-01,FALSE,TRUE,FALSE,772835.631,639827.619
2023-04-01,FALSE,TRUE,TRUE,62601755.6,16422808.5
2023-04-01,TRUE,FALSE,FALSE,569861.003,3075.42436
2023-04-01,TRUE,TRUE,FALSE,628859.262,613640.605
2023-04-01,TRUE,TRUE,TRUE,4131864.75,2793705.02
2023-05-01,FALSE,FALSE,FALSE,18337840.2,20546.6971
2023-05-01,FALSE,TRUE,FALSE,1120016.02,723467.433
2023-05-01,FALSE,TRUE,TRUE,66520172.3,17178197.2
2023-05-01,TRUE,FALSE,FALSE,581439.806,3132.1467
2023-05-01,TRUE,TRUE,FALSE,189664.54,391944.562
2023-05-01,TRUE,TRUE,TRUE,2800970.18,1825437.33
2023-06-01,FALSE,FALSE,FALSE,16704178.9,29801.2204
2023-06-01,FALSE,TRUE,FALSE,947471.592,663029.913
2023-06-01,FALSE,TRUE,TRUE,67907725.5,17342783.3
2023-06-01,TRUE,FALSE,FALSE,594145.422,2993.93947
2023-06-01,TRUE,TRUE,FALSE,190510.053,358375.754
2023-06-01,TRUE,TRUE,TRUE,2813138.81,1760113.61
2023-07-01,FALSE,FALSE,FALSE,17497487.3,3889.69042
2023-07-01,FALSE,TRUE,FALSE,1123649.82,792228.577
2023-07-01,FALSE,TRUE,TRUE,71074126.5,17484924.1
2023-07-01,TRUE,FALSE,FALSE,606661.706,3027.77838
2023-07-01,TRUE,TRUE,FALSE,157074.133,331066.132
2023-07-01,TRUE,TRUE,TRUE,3019319.95,1817928.77
2023-08-01,FALSE,FALSE,FALSE,17636566.3,28926.7067
2023-08-01,FALSE,TRUE,FALSE,786884.472,637297.817
2023-08-01,FALSE,TRUE,TRUE,71425585.6,17944310.5
2023-08-01,TRUE,FALSE,FALSE,587344.003,3221.48731
2023-08-01,TRUE,TRUE,FALSE,455237.458,579861.162
2023-08-01,TRUE,TRUE,TRUE,3914357.02,2509364.23
2023-09-01,FALSE,FALSE,FALSE,16983103.1,29443.6749
2023-09-01,FALSE,TRUE,FALSE,940763.465,678624.024
2023-09-01,FALSE,TRUE,TRUE,66881415.4,17849288.4
2023-09-01,TRUE,FALSE,FALSE,577587.118,2526.78486
2023-09-01,TRUE,TRUE,FALSE,685901.192,614115.375
2023-09-01,TRUE,TRUE,TRUE,5030651.11,3045449.29
2023-10-01,FALSE,FALSE,FALSE,18012763,28809.4882
2023-10-01,FALSE,TRUE,FALSE,950415.406,653789.413
2023-10-01,FALSE,TRUE,TRUE,65792141.5,16104965.3
2023-10-01,TRUE,FALSE,FALSE,576264.492,2256.20404
2023-10-01,TRUE,TRUE,FALSE,890319.415,653114.84
2023-10-01,TRUE,TRUE,TRUE,4950873.94,2716555.33
2023-11-01,FALSE,FALSE,FALSE,17522364.1,29401.4353
2023-11-01,FALSE,TRUE,FALSE,794938.684,615310.426
2023-11-01,FALSE,TRUE,TRUE,61682574.2,17719713.4
2023-11-01,TRUE,FALSE,FALSE,579982.653,2324.98214
2023-11-01,TRUE,TRUE,FALSE,662792.496,633889.166
2023-11-01,TRUE,TRUE,TRUE,4537395.92,2327391.61
2023-12-01,FALSE,FALSE,FALSE,18153755.6,29674.1537
2023-12-01,FALSE,TRUE,FALSE,1423687.79,906707.867
2023-12-01,FALSE,TRUE,TRUE,62841971.4,16669744.9
2023-12-01,TRUE,FALSE,FALSE,546019.432,2275.42921
2023-12-01,TRUE,TRUE,FALSE,729387.581,630108.564
2023-12-01,TRUE,TRUE,TRUE,4237149.15,2360109.26
2024-01-01,FALSE,FALSE,FALSE,19870526.2,28461.4819
2024-01-01,FALSE,TRUE,FALSE,927534.478,718899.892
2024-01-01,FALSE,TRUE,TRUE,62885463.9,15766658.5
2024-01-01,TRUE,FALSE,FALSE,530146.478,2062.3438
2024-01-01,TRUE,TRUE,FALSE,755256.677,568560.945
2024-01-01,TRUE,TRUE,TRUE,4072752.99,1582734.93
2024-02-01,FALSE,FALSE,FALSE,18590601.1,28207.4644
2024-02-01,FALSE,TRUE,FALSE,957757.152,688783.05
2024-02-01,FALSE,TRUE,TRUE,57640313.7,15787327
2024-02-01,TRUE,FALSE,FALSE,518822.129,3769.47441
2024-02-01,TRUE,TRUE,FALSE,382607.893,414242.8
2024-02-01,TRUE,TRUE,TRUE,3076481.34,1496398.3
2024-03-01,FALSE,FALSE,FALSE,20427328,0
2024-03-01,FALSE,TRUE,FALSE,809130.086,640910.645
2024-03-01,FALSE,TRUE,TRUE,65434730.2,17504528.2
2024-03-01,TRUE,FALSE,FALSE,638076.621,5653.38804
2024-03-01,TRUE,TRUE,FALSE,616670.714,522427.021
2024-03-01,TRUE,TRUE,TRUE,4268924.98,2166844.03
2024-04-01,FALSE,FALSE,FALSE,20136276.5,1766.10673
2024-04-01,FALSE,TRUE,FALSE,825712.396,666114.673
2024-04-01,FALSE,TRUE,TRUE,65591041.6,18251658.4
2024-04-01,TRUE,FALSE,FALSE,617719.823,6065.31148
2024-04-01,TRUE,TRUE,FALSE,644320.637,627931.113
2024-04-01,TRUE,TRUE,TRUE,4412836.54,2645030.05
2024-05-01,FALSE,FALSE,FALSE,20576680.5,12090.0586
2024-05-01,FALSE,TRUE,FALSE,1034231.7,677998.428
2024-05-01,FALSE,TRUE,TRUE,71473968,17430354.1
2024-05-01,TRUE,FALSE,FALSE,582871.672,3039.48101
2024-05-01,TRUE,TRUE,FALSE,207046.364,326256.896
2024-05-01,TRUE,TRUE,TRUE,3272760.59,1701020.65
2024-06-01,FALSE,FALSE,FALSE,19990749.4,1058.07212
2024-06-01,FALSE,TRUE,FALSE,889938.331,604329.051
2024-06-01,FALSE,TRUE,TRUE,71607088.5,17269411.9
2024-06-01,TRUE,FALSE,FALSE,586043.23,2305.71391
2024-06-01,TRUE,TRUE,FALSE,200237.784,292715.574
2024-06-01,TRUE,TRUE,TRUE,3271811.97,1653029.95
2024-07-01,FALSE,FALSE,FALSE,20625012.6,654.083165
2024-07-01,FALSE,TRUE,FALSE,1966905.16,850456.626
2024-07-01,FALSE,TRUE,TRUE,74691197,17419416.5
2024-07-01,TRUE,FALSE,FALSE,603623.514,3211.43896
2024-07-01,TRUE,TRUE,FALSE,241520.932,392791.025
2024-07-01,TRUE,TRUE,TRUE,3365601.72,1501356.05
2024-08-01,FALSE,FALSE,FALSE,20649056.3,629.60422
2024-08-01,FALSE,TRUE,FALSE,725303.595,580113.455
2024-08-01,FALSE,TRUE,TRUE,76617117.6,17268162
2024-08-01,TRUE,FALSE,FALSE,618508.111,3598.38431
2024-08-01,TRUE,TRUE,FALSE,455052.762,577371.79
2024-08-01,TRUE,TRUE,TRUE,4654839.4,2703834.32
2024-09-01,FALSE,FALSE,FALSE,20243442.2,1750.81231
2024-09-01,FALSE,TRUE,FALSE,788180.831,610028.025
2024-09-01,FALSE,TRUE,TRUE,70065155.2,17263156
2024-09-01,TRUE,FALSE,FALSE,555720.998,3327.21649
2024-09-01,TRUE,TRUE,FALSE,400812.339,575922.397
2024-09-01,TRUE,TRUE,TRUE,5483963.5,2880746.46
2024-10-01,FALSE,FALSE,FALSE,21382726.8,636.481662
2024-10-01,FALSE,TRUE,FALSE,828084.585,615799.44
2024-10-01,FALSE,TRUE,TRUE,69852007,17308259.2
2024-10-01,TRUE,FALSE,FALSE,561562.129,2713.84661
2024-10-01,TRUE,TRUE,FALSE,672539.397,640297.329
2024-10-01,TRUE,TRUE,TRUE,5369273.32,2956239.82
2024-11-01,FALSE,FALSE,FALSE,20771477.8,28726.5369
2024-11-01,FALSE,TRUE,FALSE,668976.366,562229.455
2024-11-01,FALSE,TRUE,TRUE,66092716.5,16616014.4
2024-11-01,TRUE,FALSE,FALSE,559720.018,2721.55612
2024-11-01,TRUE,TRUE,FALSE,660203.225,617998.447
2024-11-01,TRUE,TRUE,TRUE,5047136.99,2781895.91
2024-12-01,FALSE,FALSE,FALSE,21335208.7,16589.5208
2024-12-01,FALSE,TRUE,FALSE,789904.493,589281.444
2024-12-01,FALSE,TRUE,TRUE,67151912.1,16467892.6
2024-12-01,TRUE,FALSE,FALSE,592824.893,3396.50782
2024-12-01,TRUE,TRUE,FALSE,947438.552,626044.727
2024-12-01,TRUE,TRUE,TRUE,4838787.42,2494587.8
2025-01-01,FALSE,FALSE,FALSE,20973476.5,971.374267
2025-01-01,FALSE,TRUE,FALSE,760379.554,629077.026
2025-01-01,FALSE,TRUE,TRUE,65798233.4,15656034.8
2025-01-01,TRUE,FALSE,FALSE,504058.501,1286.86296
2025-01-01,TRUE,TRUE,FALSE,710344.818,535786.154
2025-01-01,TRUE,TRUE,TRUE,4021176.52,1846633.58
2025-02-01,FALSE,FALSE,FALSE,18573507.5,878.384358
2025-02-01,FALSE,TRUE,FALSE,600506.594,557449.976
2025-02-01,FALSE,TRUE,TRUE,59848574.4,15128015.9
2025-02-01,TRUE,FALSE,FALSE,487212.104,2730.09815
2025-02-01,TRUE,TRUE,FALSE,558133.073,487905.32
2025-02-01,TRUE,TRUE,TRUE,3512471.41,1857338.73
2025-03-01,FALSE,FALSE,FALSE,21315109,0
2025-03-01,FALSE,TRUE,FALSE,744613.919,604766.559
2025-03-01,FALSE,TRUE,TRUE,68222638.6,16383470
2025-03-01,TRUE,FALSE,FALSE,638683.096,1205.23804
2025-03-01,TRUE,TRUE,FALSE,556154.837,552107.716
2025-03-01,TRUE,TRUE,TRUE,4395913.75,2236320.58
2025-04-01,FALSE,FALSE,FALSE,21026808.5,0
2025-04-01,FALSE,TRUE,FALSE,733464.709,603853.728
2025-04-01,FALSE,TRUE,TRUE,69130236.3,17070821.7
2025-04-01,TRUE,FALSE,FALSE,618390.319,2848.83229
2025-04-01,TRUE,TRUE,FALSE,684404.441,641668.287
2025-04-01,TRUE,TRUE,TRUE,4744389.53,2769122.89
2025-05-01,FALSE,FALSE,FALSE,21451645.5,535.505783
2025-05-01,FALSE,TRUE,FALSE,724700.684,551817.592
2025-05-01,FALSE,TRUE,TRUE,74617106.8,18135311.9
2025-05-01,TRUE,FALSE,FALSE,582593.498,1560.51414
2025-05-01,TRUE,TRUE,FALSE,173682.639,317961.138
2025-05-01,TRUE,TRUE,TRUE,3486469.17,1705015.78
2025-06-01,FALSE,FALSE,FALSE,20754790.5,15584.0851
2025-06-01,FALSE,TRUE,FALSE,2176830.7,967855.505
2025-06-01,FALSE,TRUE,TRUE,73310379.2,18019162.8
2025-06-01,TRUE,FALSE,FALSE,630098.885,310.512098
2025-06-01,TRUE,TRUE,FALSE,207134.241,352793.351
2025-06-01,TRUE,TRUE,TRUE,3430608.71,1711273.89
2025-07-01,FALSE,FALSE,FALSE,21859785.6,0
2025-07-01,FALSE,TRUE,FALSE,1069860.26,732727.382
2025-07-01,FALSE,TRUE,TRUE,79006178.1,18201499.3
2025-07-01,TRUE,FALSE,FALSE,602266.876,1562.02596
2025-07-01,TRUE,TRUE,FALSE,204193.418,322903.831
2025-07-01,TRUE,TRUE,TRUE,3647628.77,1670264.75
2025-08-01,FALSE,FALSE,FALSE,22076757.1,15863.8722
2025-08-01,FALSE,TRUE,FALSE,925661.107,647733.846
2025-08-01,FALSE,TRUE,TRUE,80291656.5,17952865.6
2025-08-01,TRUE,FALSE,FALSE,581093.974,625.053182
2025-08-01,TRUE,TRUE,FALSE,504660.728,567029.675
2025-08-01,TRUE,TRUE,TRUE,4795425.37,2630423.66
2025-09-01,FALSE,FALSE,FALSE,21784884.4,25475.4362
2025-09-01,FALSE,TRUE,FALSE,974180.261,563526.346
2025-09-01,FALSE,TRUE,TRUE,73021941,17493479.5
2025-09-01,TRUE,FALSE,FALSE,554427.617,1650.63618
2025-09-01,TRUE,TRUE,FALSE,665719.624,552177.303
2025-09-01,TRUE,TRUE,TRUE,5759931.83,3512856.65
2025-10-01,FALSE,FALSE,FALSE,22887249.3,15711.8318
2025-10-01,FALSE,TRUE,FALSE,1031061.39,728372.737
2025-10-01,FALSE,TRUE,TRUE,71522592.7,19588388
2025-10-01,TRUE,FALSE,FALSE,570349.648,3032.13002
2025-10-01,TRUE,TRUE,FALSE,663490.045,659588.146
2025-10-01,TRUE,TRUE,TRUE,5557416.56,3430770.17
2025-11-01,FALSE,FALSE,FALSE,22853540.1,16400.9149
2025-11-01,FALSE,TRUE,FALSE,950517.998,709119.006
2025-11-01,FALSE,TRUE,TRUE,67760991.2,18596749.6
2025-11-01,TRUE,FALSE,FALSE,541027.179,1361.80116
2025-11-01,TRUE,TRUE,FALSE,838231.95,666156.372
2025-11-01,TRUE,TRUE,TRUE,5192932.93,3106386.54
2025-12-01,FALSE,FALSE,FALSE,23446533.2,28516.1059
2025-12-01,FALSE,TRUE,FALSE,1040435.9,741780.761
2025-12-01,FALSE,TRUE,TRUE,69028324.3,17789010.4
2025-12-01,TRUE,FALSE,FALSE,533039.928,4078.25269
2025-12-01,TRUE,TRUE,FALSE,933565.737,679064.028
2025-12-01,TRUE,TRUE,TRUE,5030278.47,2706999.91
