time,fishing,inside_footprint,s1_imaged,emissions_co2_mt,emissions_co2_dark_mt
2019-01-01,TRUE,FALSE,FALSE,523007.49168055644,9322.118079999998
2021-03-01,FALSE,FALSE,FALSE,17311138.218849506,128605.27886
2020-12-01,TRUE,FALSE,FALSE,524938.2913968776,6593.266339999998
2017-12-01,TRUE,FALSE,FALSE,497423.338628948,8433.306779999999
2023-03-01,FALSE,FALSE,FALSE,19468932.72550253,98853.98692999998
2024-02-01,TRUE,FALSE,FALSE,681297.0185298489,9110.63003
2018-03-01,FALSE,FALSE,FALSE,15834406.252964346,184669.23661
2019-03-01,FALSE,FALSE,FALSE,15079184.413590357,110355.20355
2017-04-01,FALSE,FALSE,FALSE,15789733.873950856,142068.67455
2019-12-01,TRUE,FALSE,FALSE,522847.1518937907,8825.279470000001
2023-11-01,FALSE,FALSE,FALSE,18816497.050172787,80190.84323999999
2019-02-01,TRUE,FALSE,FALSE,500579.97968620725,9128.924790000001
2022-02-01,TRUE,FALSE,FALSE,635211.2400196714,8297.73797
2021-08-01,TRUE,FALSE,FALSE,583540.6846470032,13954.217739999996
2023-05-01,FALSE,FALSE,FALSE,20022470.893657245,104178.77724
2018-04-01,FALSE,FALSE,FALSE,15290852.57561997,130351.58048999996
2022-04-01,TRUE,FALSE,FALSE,686496.419753762,10416.821019999998
2024-04-01,FALSE,FALSE,FALSE,21974771.802412692,91040.81527999998
2019-04-01,TRUE,FALSE,FALSE,585324.0242093321,7970.52093
2023-06-01,FALSE,FALSE,FALSE,18376508.957487363,108698.28603
2017-03-01,TRUE,FALSE,FALSE,579228.6694793031,8459.07059
2018-07-01,TRUE,FALSE,FALSE,600825.3471059783,13038.920650000002
2023-08-01,TRUE,FALSE,FALSE,742642.897643596,13907.156800000004
2019-06-01,TRUE,FALSE,FALSE,543266.3648872756,16740.65035
2022-06-01,FALSE,FALSE,FALSE,18258963.93216392,117716.58059
2021-06-01,FALSE,FALSE,FALSE,17057280.657626916,189577.38044
2020-07-01,TRUE,FALSE,FALSE,608406.7137134642,15199.839940000002
2023-09-01,FALSE,FALSE,FALSE,18649722.269582268,69303.36387999999
2021-05-01,TRUE,FALSE,FALSE,663346.4994595774,11449.595600000002
2018-08-01,FALSE,TRUE,TRUE,58403418.56852038,14771983.088840002
2017-09-01,TRUE,FALSE,FALSE,520211.8074254067,11682.570960000003
2018-05-01,TRUE,FALSE,FALSE,578168.884387977,10156.502739999998
2018-12-01,TRUE,TRUE,TRUE,2370249.6021472067,1146055.21412
2019-05-01,TRUE,TRUE,TRUE,1966045.1785277182,1017900.01276
2020-08-01,TRUE,TRUE,TRUE,2785287.1244261977,1520119.3527699998
2021-11-01,FALSE,TRUE,TRUE,53942422.19810088,16816016.456299998
2019-10-01,FALSE,TRUE,TRUE,57618296.36804904,15422227.255889999
2020-05-01,FALSE,TRUE,TRUE,53201586.63531084,16484775.532400005
2018-10-01,FALSE,TRUE,TRUE,55097319.469361305,15319188.658889992
2017-02-01,FALSE,TRUE,TRUE,42609385.74010615,13912788.924779996
2019-07-01,FALSE,TRUE,TRUE,61000635.575957775,15307813.457419999
2019-09-01,FALSE,FALSE,FALSE,15486745.434836823,153313.52215000003
2017-06-01,TRUE,FALSE,FALSE,542511.8615674262,19830.240049999997
2024-03-01,TRUE,TRUE,TRUE,4798723.934333257,1622772.51944
2024-12-01,TRUE,TRUE,TRUE,5421211.7113298755,1627882.9572300003
2024-09-01,TRUE,TRUE,TRUE,6145396.554935035,1776997.0892799995
2019-08-01,TRUE,TRUE,TRUE,2645704.172489631,1362240.46659
2017-11-01,TRUE,TRUE,TRUE,2443333.4395588916,1433729.4764799997
2020-11-01,TRUE,TRUE,TRUE,2810106.9079315537,1566797.8554099996
2019-11-01,TRUE,TRUE,TRUE,2878730.4655510695,1363445.4556299997
2022-11-01,TRUE,TRUE,TRUE,4927511.361169471,2214005.086629999
2021-09-01,TRUE,TRUE,TRUE,3673121.532860522,2124312.5653799996
2023-02-01,TRUE,TRUE,TRUE,3516203.792735791,1453335.96368
2018-01-01,FALSE,TRUE,TRUE,50702516.77166534,14414941.144679995
2021-01-01,FALSE,TRUE,TRUE,54202045.340781346,12648362.077699997
2024-06-01,FALSE,TRUE,TRUE,70176842.15113877,15366096.175309999
2017-05-01,FALSE,TRUE,TRUE,53835823.827875175,14661765.9837
2022-07-01,FALSE,TRUE,TRUE,68567541.14053164,15446771.68709
2023-01-01,FALSE,TRUE,TRUE,58389559.8811643,14360880.661170004
2017-01-01,FALSE,TRUE,TRUE,42234398.253375985,11338660.400670001
2020-09-01,FALSE,FALSE,FALSE,15650505.077965748,101950.3764
2018-09-01,FALSE,FALSE,FALSE,15268765.188208247,136390.00842
2023-04-01,TRUE,TRUE,TRUE,4639343.124657097,2005980.5794800003
2021-04-01,TRUE,TRUE,TRUE,2756593.7920035142,1385823.64126
2021-12-01,TRUE,TRUE,TRUE,3824364.1087457375,2117118.69243
2017-07-01,TRUE,TRUE,TRUE,1769884.9315336351,1140140.61923
2018-02-01,TRUE,TRUE,TRUE,1793545.1030509393,962940.2636900002
2020-01-01,FALSE,TRUE,TRUE,53566430.289147794,14908330.333349999
2021-02-01,FALSE,TRUE,TRUE,49231068.2454173,12456681.01845
2018-11-01,FALSE,TRUE,TRUE,51419425.322492905,15243733.065230003
2022-01-01,FALSE,TRUE,TRUE,55363552.358815,14589864.748649998
2020-02-01,FALSE,TRUE,TRUE,48926430.10294081,15881690.89764
2022-09-01,FALSE,FALSE,FALSE,17961605.776496317,79612.93155000001
2022-08-01,TRUE,TRUE,TRUE,3470981.458331538,1866590.0489899996
2022-03-01,TRUE,TRUE,TRUE,3019580.5771732843,1510353.4298100004
2024-08-01,TRUE,TRUE,TRUE,5206276.286926182,1662903.4640200003
2017-10-01,TRUE,TRUE,TRUE,2760077.429648865,1531794.71079
2017-08-01,FALSE,TRUE,TRUE,56360773.56959279,14787135.713290002
2020-04-01,TRUE,TRUE,TRUE,2705802.184098435,1527918.5018499997
2021-07-01,FALSE,TRUE,TRUE,66029471.90162215,17252719.869219996
2020-03-01,FALSE,TRUE,TRUE,53481789.76692782,16428109.246679997
2024-10-01,FALSE,TRUE,TRUE,68847504.75167969,15644169.58512
2024-01-01,FALSE,TRUE,TRUE,61988901.00980529,14984034.011860004
2024-11-01,FALSE,TRUE,TRUE,65390389.93750326,15267484.97697
2022-12-01,FALSE,TRUE,TRUE,61263584.8038952,15447934.342479998
2024-07-01,TRUE,FALSE,FALSE,750131.5715392396,12592.977440000002
2023-10-01,TRUE,TRUE,TRUE,5602249.421417376,1946240.56429
2019-07-01,TRUE,TRUE,FALSE,74779.98243956617,54321.62741
2024-05-01,FALSE,TRUE,TRUE,70016084.20906441,15678309.275830003
2021-10-01,FALSE,TRUE,TRUE,61047397.94265635,17720844.50347
2018-06-01,TRUE,TRUE,TRUE,1733915.7880848832,1056726.0513100002
2020-10-01,FALSE,TRUE,TRUE,57405914.51397959,16481663.527560003
2022-10-01,FALSE,TRUE,TRUE,63536174.686976545,15649482.402089994
2020-06-01,FALSE,TRUE,TRUE,53301821.5581256,16120609.908599993
2023-07-01,TRUE,TRUE,TRUE,3335118.5912416936,1266238.4936699998
2022-05-01,TRUE,TRUE,TRUE,2329840.2053458234,1197419.51092
2022-10-01,TRUE,TRUE,FALSE,836266.3504410901,467290.75774000003
2017-12-01,FALSE,TRUE,FALSE,580440.4139071668,681000.52458
2019-06-01,FALSE,TRUE,FALSE,990234.6765750927,979412.46676
2020-12-01,FALSE,TRUE,FALSE,669055.9221654537,690513.5916799998
2019-12-01,FALSE,TRUE,FALSE,770509.699060949,697489.7844100001
2023-12-01,FALSE,TRUE,TRUE,62420264.5865536,15192965.25401
2018-08-01,TRUE,TRUE,FALSE,11981.270075463473,16507.381820000002
2017-01-01,TRUE,TRUE,FALSE,64111.79117199712,111823.22992
2021-01-01,TRUE,TRUE,FALSE,87644.24687731721,41955.94872
2021-07-01,TRUE,TRUE,FALSE,69188.439266267,50232.75082000001
2020-06-01,TRUE,TRUE,FALSE,64346.67409505492,65843.92261
2023-01-01,TRUE,TRUE,FALSE,570176.6371266112,417572.8363
2020-05-01,TRUE,TRUE,FALSE,55033.11248948708,50510.63915000001
2022-01-01,TRUE,TRUE,FALSE,691784.1660992793,461730.4574000001
2024-01-01,TRUE,TRUE,FALSE,921039.5912611684,537893.5665799999
2022-12-01,TRUE,TRUE,FALSE,632696.8224184829,373690.60863999993
2024-11-01,TRUE,TRUE,FALSE,816126.8803321056,470660.25349000003
2024-06-01,TRUE,TRUE,FALSE,243770.8077209595,366317.05894
2024-10-01,TRUE,TRUE,FALSE,824590.9643995994,476610.4982
2022-07-01,TRUE,TRUE,FALSE,205266.2573427605,266812.03643000004
2024-05-01,TRUE,TRUE,FALSE,252279.4254152434,346375.06586000003
2023-08-01,FALSE,TRUE,FALSE,1867366.4777596907,1366532.9273299999
2023-12-01,TRUE,TRUE,FALSE,874101.737498913,539273.10948
2022-02-01,FALSE,TRUE,FALSE,2517850.368736957,1492510.2805599999
2022-04-01,FALSE,TRUE,FALSE,1965612.556365415,1521378.0190499998
2019-01-01,FALSE,TRUE,FALSE,1099052.9451278755,761749.9979
2020-01-01,TRUE,TRUE,FALSE,50475.36375758482,47177.49594000001
2018-10-01,TRUE,TRUE,FALSE,21309.54301458293,33020.84506
2017-02-01,TRUE,TRUE,FALSE,13465.344405323853,32992.986840000005
2021-05-01,FALSE,TRUE,FALSE,1066131.7709608502,1018009.9021800001
2018-07-01,FALSE,TRUE,FALSE,911087.5408150599,785064.05845
2020-10-01,TRUE,TRUE,FALSE,44977.36944413961,39042.23538
2019-10-01,TRUE,TRUE,FALSE,32442.30236165749,27865.884659999992
2017-08-01,TRUE,TRUE,FALSE,9403.83100636676,31121.356529999997
2017-05-01,TRUE,TRUE,FALSE,10449.921985103572,60327.0604
2019-02-01,FALSE,TRUE,FALSE,1006866.5266258296,662641.4959900001
2018-11-01,TRUE,TRUE,FALSE,18224.16063064971,33091.858570000004
2018-01-01,TRUE,TRUE,FALSE,9989.265071612059,17688.192759999998
2021-10-01,TRUE,TRUE,FALSE,59536.29236552557,36889.222299999994
2021-11-01,TRUE,TRUE,FALSE,66366.67421013048,78126.20025000002
2020-03-01,TRUE,TRUE,FALSE,70134.00689072403,66009.37475
2020-02-01,TRUE,TRUE,FALSE,65124.5021069717,48736.39602
2021-08-01,FALSE,TRUE,FALSE,908109.0921359179,850418.77836
2020-07-01,FALSE,TRUE,FALSE,953040.3278822682,946972.8115
2024-07-01,FALSE,TRUE,FALSE,3039327.9279302866,1541900.4487000003
2017-06-01,FALSE,TRUE,FALSE,822365.4386526889,962959.72218
2018-05-01,FALSE,TRUE,FALSE,966122.6411184503,924937.72535
2017-03-01,FALSE,TRUE,FALSE,608535.6532853893,516193.1106799999
2019-04-01,FALSE,TRUE,FALSE,1293769.6451834273,1099222.77378
2017-09-01,FALSE,TRUE,FALSE,686552.2688857963,825002.9025900001
2024-02-01,FALSE,TRUE,FALSE,2475243.264119436,1571243.2906500003
2021-02-01,TRUE,TRUE,FALSE,84863.0845408786,43138.5606
2021-12-01,FALSE,FALSE,FALSE,17259482.889386546,227489.54463999998
2024-03-01,FALSE,FALSE,FALSE,21897515.007941917,69258.52765
2023-02-01,FALSE,FALSE,FALSE,17321843.557404436,88699.38676000001
2018-02-01,FALSE,FALSE,FALSE,14550398.859857291,194835.31465000001
2018-12-01,FALSE,FALSE,FALSE,15917872.070387404,189114.23726
2024-12-01,FALSE,FALSE,FALSE,22510404.889815632,195134.55641000002
2017-11-01,FALSE,FALSE,FALSE,15815981.411880279,209539.91153999997
2022-03-01,FALSE,FALSE,FALSE,18466036.393352866,101948.5574
2023-11-01,TRUE,FALSE,FALSE,690221.6943167403,10233.73516
2023-03-01,TRUE,FALSE,FALSE,813212.35540048,12267.079660000001
2019-03-01,TRUE,FALSE,FALSE,559083.4120801733,9350.851440000002
2021-03-01,TRUE,FALSE,FALSE,615360.2537024164,6208.2513
2020-04-01,FALSE,FALSE,FALSE,14929732.1484174,129648.74231
2022-11-01,FALSE,FALSE,FALSE,19283475.644974202,133978.88398
2021-04-01,FALSE,FALSE,FALSE,16682990.352631794,123736.44249999999
2023-04-01,FALSE,FALSE,FALSE,19206625.89027967,94647.95529000001
2021-06-01,TRUE,FALSE,FALSE,642108.0871261808,15538.04652
2018-03-01,TRUE,FALSE,FALSE,581230.8484934964,10288.79565
2024-04-01,TRUE,FALSE,FALSE,809337.7538093246,13162.810190000002
2020-11-01,FALSE,FALSE,FALSE,15990990.39930282,201250.39865
2023-06-01,TRUE,FALSE,FALSE,690127.9771208416,12846.29848
2023-09-01,TRUE,FALSE,FALSE,752563.127779426,10532.93781
2020-09-01,TRUE,FALSE,FALSE,548870.1165242257,8715.505479999998
2019-11-01,FALSE,FALSE,FALSE,15664012.278874759,192629.65787000002
2024-09-01,FALSE,FALSE,FALSE,21785060.820490398,78400.96235
2018-04-01,TRUE,FALSE,FALSE,593638.1933797745,9490.232360000002
2017-10-01,FALSE,FALSE,FALSE,15803523.509551302,200063.05010999998
2022-05-01,FALSE,FALSE,FALSE,18534899.426406942,94785.40313
2018-06-01,FALSE,FALSE,FALSE,15157378.269592104,142040.56670000002
2017-04-01,TRUE,FALSE,FALSE,532251.9939519482,10638.613829999998
2019-09-01,TRUE,FALSE,FALSE,560511.54639886,10880.74768
2023-10-01,FALSE,FALSE,FALSE,19477425.565729868,89014.90004
2022-06-01,TRUE,FALSE,FALSE,669137.0553217209,12043.155610000005
2018-09-01,TRUE,FALSE,FALSE,529082.6264634483,10202.419639999998
2019-05-01,FALSE,FALSE,FALSE,15856860.42894189,119079.72094999999
2017-07-01,FALSE,FALSE,FALSE,15758785.488138583,156717.23624000003
2023-07-01,FALSE,FALSE,FALSE,19030271.35255945,61064.48205
2021-11-01,TRUE,TRUE,TRUE,2027775.1625459741,1548616.2696
2021-01-01,TRUE,TRUE,TRUE,2367552.2799586905,922434.6216299998
2020-02-01,TRUE,TRUE,TRUE,1867758.7682795185,996859.9679000002
2018-01-01,TRUE,TRUE,TRUE,2049981.6739310047,1074265.0734200003
2017-02-01,TRUE,TRUE,TRUE,1577425.3090630872,1056378.7888699998
2020-10-01,TRUE,TRUE,TRUE,3185515.715833463,1548508.7553799995
2021-07-01,TRUE,TRUE,TRUE,2495291.337592111,1177243.8211
2019-04-01,FALSE,TRUE,TRUE,53181142.333067015,14887707.424349999
2017-12-01,FALSE,TRUE,TRUE,50939517.3703607,14710680.806610001
2021-09-01,FALSE,FALSE,FALSE,16971846.49363071,103819.27432999999
2024-08-01,FALSE,FALSE,FALSE,22796424.738384485,74044.87574
2019-08-01,FALSE,FALSE,FALSE,15491631.057546273,152335.49067
2018-11-01,TRUE,TRUE,TRUE,2690370.524866575,1537944.65314
2021-02-01,TRUE,TRUE,TRUE,2143600.8832649863,851982.23896
2017-01-01,TRUE,TRUE,TRUE,1512219.143482748,876399.4806699998
2023-12-01,TRUE,TRUE,TRUE,4795467.964531908,1815198.87171
2020-06-01,TRUE,TRUE,TRUE,2076611.6471510245,1144116.80087
2024-06-01,TRUE,TRUE,TRUE,3619194.3653563773,1004275.2857099999
2022-02-01,FALSE,TRUE,TRUE,50385572.32079634,14438490.547770005
2019-02-01,FALSE,TRUE,TRUE,46725305.986360185,14786035.589640003
2019-12-01,FALSE,TRUE,TRUE,55195786.53790305,15214807.40989
2024-07-01,FALSE,TRUE,TRUE,73109670.95871341,15462422.159510002
2021-05-01,FALSE,TRUE,TRUE,61191269.77900691,17170012.068900004
2023-08-01,FALSE,TRUE,TRUE,70177017.2827282,15894255.25292
2022-04-01,FALSE,TRUE,TRUE,58870438.065505154,15424521.169900004
2020-07-01,FALSE,TRUE,TRUE,58176085.08112977,16390698.779440003
2018-05-01,FALSE,TRUE,TRUE,56828514.03084299,14698579.729530001
2018-07-01,FALSE,TRUE,TRUE,58850072.84284969,14520865.23105
2017-03-01,FALSE,TRUE,TRUE,49974825.36891222,15168444.748649998
2020-08-01,FALSE,FALSE,FALSE,15909979.564571584,150859.0514
2022-08-01,FALSE,FALSE,FALSE,18821918.313259568,92589.28202
2022-07-01,TRUE,TRUE,TRUE,2420240.606663054,1088185.99368
2024-05-01,TRUE,TRUE,TRUE,3611504.5232753935,1057958.76487
2019-10-01,TRUE,TRUE,TRUE,3229723.816880452,1482726.07978
2021-10-01,TRUE,TRUE,TRUE,3317958.216614521,1771105.1801699996
2018-10-01,TRUE,TRUE,TRUE,3022637.6363557302,1613536.7816600003
2017-06-01,FALSE,TRUE,TRUE,53102526.769908324,14794525.33413
2024-02-01,FALSE,TRUE,TRUE,57200452.02345176,14893466.771729998
2022-12-01,TRUE,TRUE,TRUE,4059775.7792593613,1462552.30505
2019-07-01,TRUE,TRUE,TRUE,2079020.796700682,1019201.5205300002
2020-05-01,TRUE,TRUE,TRUE,2111453.208175507,1120172.8107599998
2024-01-01,TRUE,TRUE,TRUE,4539475.3113877615,1305038.0052300002
2017-08-01,TRUE,TRUE,TRUE,2454958.116364927,1534342.6316899997
2024-11-01,TRUE,TRUE,TRUE,5688277.130414985,1806512.6595299994
2020-03-01,TRUE,TRUE,TRUE,2477146.8878111574,1379788.7851399998
2020-01-01,TRUE,TRUE,TRUE,2161012.6839309135,999463.7532999999
2017-09-01,FALSE,TRUE,TRUE,53203109.31042574,14879989.525520002
2019-06-01,FALSE,TRUE,TRUE,57338632.66812036,14951766.383439995
2022-09-01,TRUE,FALSE,FALSE,701805.4633999737,8292.910100000001
2023-05-01,TRUE,FALSE,FALSE,747904.0902691158,11300.03688
2024-10-01,TRUE,TRUE,TRUE,6029240.743987429,1858897.76185
2022-10-01,TRUE,TRUE,TRUE,4442692.096947147,2206667.49728
2022-01-01,TRUE,TRUE,TRUE,3063462.559381376,1566891.50353
2023-01-01,TRUE,TRUE,TRUE,3465463.708198564,1211101.0822800002
2019-01-01,FALSE,TRUE,TRUE,51501423.15446714,14699850.338739997
2018-08-01,TRUE,TRUE,TRUE,2518499.671979357,1547542.10707
2020-12-01,FALSE,TRUE,TRUE,54538900.927570604,15820597.694869999
2023-03-01,FALSE,TRUE,FALSE,2410437.5824783747,1536527.9576299996
2022-09-01,FALSE,TRUE,FALSE,1753412.0751650888,1275301.55647
2017-05-01,TRUE,TRUE,TRUE,1632016.191609259,1120790.6045900001
2021-08-01,FALSE,TRUE,TRUE,65845226.43776597,17365893.716769997
2021-03-01,FALSE,TRUE,FALSE,1037851.5635135549,936729.17196
2018-05-01,TRUE,TRUE,FALSE,19321.615279119866,58814.43208000001
2021-06-01,FALSE,TRUE,FALSE,1174352.3819054964,1151436.41946
2020-07-01,TRUE,TRUE,FALSE,73328.3038483534,53192.774430000005
2023-05-01,FALSE,TRUE,FALSE,2004951.38099194,1365202.81936
2022-02-01,TRUE,TRUE,FALSE,420462.6723450509,334892.50847000006
2018-07-01,TRUE,TRUE,FALSE,23326.352387479703,45325.84316
2024-07-01,TRUE,TRUE,FALSE,265078.4595314545,462711.04987
2023-08-01,TRUE,TRUE,FALSE,526914.565302716,411128.34318
2017-12-01,TRUE,TRUE,FALSE,12947.811790456826,22005.091019999996
2019-06-01,TRUE,TRUE,FALSE,53660.22707723669,67296.69774
2024-02-01,TRUE,TRUE,FALSE,464901.8517992947,451035.88865
2022-04-01,TRUE,TRUE,FALSE,518233.33499436127,363881.23685
2024-04-01,FALSE,TRUE,FALSE,1743569.7367014065,1295945.05655
2023-09-01,FALSE,TRUE,FALSE,2077065.0120145648,1470491.9491700002
2017-03-01,TRUE,TRUE,FALSE,15376.460934387618,26180.13584
2019-12-01,TRUE,TRUE,FALSE,46774.86066145555,59088.1977
2017-04-01,FALSE,TRUE,FALSE,717809.9627062333,973649.4131699998
2021-05-01,TRUE,TRUE,FALSE,30846.42129698167,56391.85804
2019-04-01,TRUE,TRUE,FALSE,44380.845643229295,62697.06453
2020-12-01,TRUE,TRUE,FALSE,59696.36920342923,44433.550129999996
2019-01-01,TRUE,TRUE,FALSE,11281.474231230624,31506.84634
2022-06-01,FALSE,TRUE,FALSE,2077884.0677516675,1504488.4418800003
2019-02-01,TRUE,TRUE,FALSE,16593.12771003582,33111.52302
2019-03-01,FALSE,TRUE,FALSE,1216404.73852369,886582.20039
2017-06-01,TRUE,TRUE,FALSE,11003.922433239553,58145.00397
2018-04-01,FALSE,TRUE,FALSE,875898.3880715662,910958.01555
2017-09-01,TRUE,TRUE,FALSE,15729.858517261653,41763.3819
2021-08-01,TRUE,TRUE,FALSE,77019.86830321014,48856.91382
2018-09-01,FALSE,TRUE,FALSE,928541.3839371115,744462.7703000001
2018-03-01,FALSE,TRUE,FALSE,913425.5149394136,880031.24009
2020-09-01,FALSE,TRUE,FALSE,653524.0229079375,634473.1315199999
2023-06-01,FALSE,TRUE,FALSE,2065132.0289872752,1394234.81026
2019-09-01,FALSE,TRUE,FALSE,559555.501096453,424513.37349
2023-11-01,FALSE,TRUE,FALSE,2010388.2290001258,1435946.5342700002
2020-02-01,FALSE,FALSE,FALSE,13909824.921306442,193316.63076
2023-01-01,FALSE,FALSE,FALSE,19218862.88586787,146670.5967
2017-02-01,FALSE,FALSE,FALSE,14342630.020634254,195838.61229999998
2021-01-01,FALSE,FALSE,FALSE,16711608.765739053,188668.65173000004
2017-01-01,FALSE,FALSE,FALSE,18210009.19184535,195474.29182
2018-01-01,FALSE,FALSE,FALSE,15907447.653479997,195452.71995000003
2024-12-01,TRUE,FALSE,FALSE,694311.8933000107,12069.16933
2023-02-01,TRUE,FALSE,FALSE,685323.2509322189,9203.604390000002
2024-01-01,FALSE,FALSE,FALSE,21387345.54769402,93931.91301999998
2022-01-01,FALSE,FALSE,FALSE,18849391.54902558,160537.606
2017-05-01,FALSE,FALSE,FALSE,16316371.155790675,151951.35335999998
2020-01-01,FALSE,FALSE,FALSE,15542004.272514507,182718.44202000002
2020-03-01,FALSE,FALSE,FALSE,15190252.279933125,120650.81530999999
2018-12-01,TRUE,FALSE,FALSE,479978.17764544266,8038.21963
2024-03-01,TRUE,FALSE,FALSE,806041.190886822,12065.867740000002
2022-12-01,FALSE,FALSE,FALSE,19683206.800548356,170487.32043
2023-12-01,FALSE,FALSE,FALSE,19868069.876191374,134775.2067
2021-12-01,TRUE,FALSE,FALSE,553151.6672867863,7412.75752
2021-02-01,FALSE,FALSE,FALSE,15538332.86716084,158050.29352999997
2018-02-01,TRUE,FALSE,FALSE,459906.3649194874,10858.51787
2024-05-01,FALSE,FALSE,FALSE,22577088.96581394,81787.67029
2024-11-01,FALSE,FALSE,FALSE,22044592.873574607,168759.41488
2018-11-01,FALSE,FALSE,FALSE,15207418.97398759,177697.94207000002
2020-11-01,TRUE,FALSE,FALSE,531354.920524018,6143.95393
2019-11-01,TRUE,FALSE,FALSE,496220.08557454403,8004.642509999999
2021-11-01,FALSE,FALSE,FALSE,16112295.600460071,173077.55920000002
2020-04-01,TRUE,FALSE,FALSE,628268.1100515586,7968.258129999997
2022-11-01,TRUE,FALSE,FALSE,639021.2506112994,11022.499
2024-10-01,FALSE,FALSE,FALSE,22691127.4089802,85887.59689000002
2022-10-01,FALSE,FALSE,FALSE,19085396.108205475,133806.91228
2022-05-01,TRUE,FALSE,FALSE,670900.571228682,9278.056489999997
2017-10-01,TRUE,FALSE,FALSE,535338.6239003601,11025.225209999997
2021-04-01,TRUE,FALSE,FALSE,644046.4042778593,8245.146019999998
2019-08-01,TRUE,FALSE,FALSE,581041.4269154014,15348.67893
2017-11-01,TRUE,FALSE,FALSE,506388.1347324484,8381.811409999998
2018-10-01,FALSE,FALSE,FALSE,15768051.122280577,190577.76828999998
2019-10-01,FALSE,FALSE,FALSE,15980128.485531304,188917.88555
2024-08-01,TRUE,FALSE,FALSE,790667.5398578411,13517.147040000002
2019-05-01,TRUE,FALSE,FALSE,594991.7021205886,11664.343720000003
2017-07-01,TRUE,FALSE,FALSE,562618.0814000923,17920.58052
2017-08-01,FALSE,FALSE,FALSE,16024831.707243752,144956.97924000002
2023-04-01,TRUE,FALSE,FALSE,757138.5884383477,12097.77774
2020-05-01,FALSE,FALSE,FALSE,15384079.332313232,158919.9981
2024-09-01,TRUE,FALSE,FALSE,662712.2673891904,14251.39227
2018-06-01,TRUE,FALSE,FALSE,556867.8761901386,13264.952030000002
2024-06-01,FALSE,FALSE,FALSE,22012875.178446215,76087.48441
2021-09-01,TRUE,FALSE,FALSE,563707.7266710029,9955.530529999998
2019-07-01,FALSE,FALSE,FALSE,15619333.580759315,152204.92098
2020-06-01,FALSE,FALSE,FALSE,14685331.589344064,157647.74983000002
2022-07-01,FALSE,FALSE,FALSE,18481853.12204797,74060.17638
2023-10-01,TRUE,FALSE,FALSE,719305.3867713712,8525.58639
2022-03-01,TRUE,FALSE,FALSE,743162.0872148166,11529.97602
2020-08-01,TRUE,FALSE,FALSE,579606.9498220182,14852.792920000002
2019-03-01,FALSE,TRUE,TRUE,53185394.53723272,15327923.656960003
2021-10-01,FALSE,FALSE,FALSE,17471759.771168403,166561.33398000002
2020-10-01,FALSE,FALSE,FALSE,15898976.472926404,174952.10273000004
2017-03-01,TRUE,TRUE,TRUE,1976932.8790150254,1345719.35348
2018-05-01,TRUE,TRUE,TRUE,1800312.1255209704,1039674.0532200001
2019-12-01,TRUE,TRUE,TRUE,2432927.021415268,1166319.5018
2017-06-01,TRUE,TRUE,TRUE,1585763.6005308705,1131409.84389
2017-04-01,FALSE,TRUE,TRUE,50250379.673246756,14717820.14582
2018-03-01,FALSE,TRUE,TRUE,52374701.194058076,15107119.01981
2018-08-01,FALSE,FALSE,FALSE,15571662.952732109,143496.22252000004
2021-07-01,FALSE,FALSE,FALSE,17250383.8903561,147964.55616
2020-12-01,TRUE,TRUE,TRUE,2557004.7306307554,1328925.75745
2021-08-01,TRUE,TRUE,TRUE,2859043.3496839516,1622750.97806
2018-07-01,TRUE,TRUE,TRUE,1939642.8825932008,1114473.5238800002
2021-03-01,FALSE,TRUE,TRUE,56584992.01507923,13199079.872779999
2023-09-01,FALSE,TRUE,TRUE,65862561.01524899,15586315.056199996
2018-04-01,FALSE,TRUE,TRUE,52897139.68083951,14604491.5526
2019-01-01,TRUE,TRUE,TRUE,2185561.742203156,1088489.4039800002
2021-05-01,TRUE,TRUE,TRUE,2328113.0964276674,1188446.4463400003
2017-12-01,TRUE,TRUE,TRUE,2116451.637497946,1164613.9623200002
2019-06-01,TRUE,TRUE,TRUE,1940098.7817761274,1031076.9390899998
2022-02-01,TRUE,TRUE,TRUE,2428954.3688998427,1345898.64231
2024-07-01,TRUE,TRUE,TRUE,3725445.840542125,1008060.52192
2017-09-01,TRUE,TRUE,TRUE,3269032.8119577407,1923515.7046700008
2019-04-01,TRUE,TRUE,TRUE,2600775.195242545,1396996.1021399999
2023-11-01,FALSE,TRUE,TRUE,61470075.432500415,15584879.43343
2020-09-01,FALSE,TRUE,TRUE,57083908.23098441,16756361.138859997
2018-09-01,FALSE,TRUE,TRUE,54863700.80027398,14982025.07138
2019-09-01,FALSE,TRUE,TRUE,57601994.10432547,15512564.32816
2023-05-01,FALSE,TRUE,TRUE,65821478.119208336,15226104.7234
2019-02-01,TRUE,TRUE,TRUE,1917156.7021459076,1016019.3332299999
2020-07-01,TRUE,TRUE,TRUE,2238959.788983473,1148337.4435
2021-06-01,FALSE,TRUE,TRUE,62454731.89606544,17506336.493669994
2023-06-01,FALSE,TRUE,TRUE,66826239.921995886,15420905.977839999
2024-02-01,TRUE,TRUE,TRUE,3396335.3358623693,1133781.7495900004
2023-03-01,TRUE,TRUE,FALSE,884453.7871588287,502077.93412
2022-08-01,TRUE,FALSE,FALSE,736397.2118262593,13026.954930000002
2023-07-01,TRUE,FALSE,FALSE,744136.1859953818,13525.30139
2023-08-01,TRUE,TRUE,TRUE,4379142.920096244,1833955.07284
2022-06-01,FALSE,TRUE,TRUE,63910298.36291118,15249219.8114
2022-09-01,FALSE,TRUE,TRUE,63089539.05741188,15613947.949019996
2024-04-01,FALSE,TRUE,TRUE,64590011.36165825,16096340.60816
2023-02-01,FALSE,TRUE,FALSE,1957456.2576447006,1497738.73959
2020-04-01,FALSE,TRUE,FALSE,928442.4643934619,991741.63086
2018-02-01,FALSE,TRUE,FALSE,927434.1109167334,693410.0573199999
2022-04-01,TRUE,TRUE,TRUE,3185362.2779877936,1697973.8493400007
2023-10-01,FALSE,TRUE,FALSE,2226024.5059228144,1455743.2325400002
2018-06-01,FALSE,TRUE,FALSE,883510.0120995587,874775.9245099998
2019-05-01,FALSE,TRUE,FALSE,1255615.7842113837,1049241.91688
2017-10-01,FALSE,TRUE,FALSE,571231.394944983,673419.78379
2023-04-01,FALSE,TRUE,FALSE,1900812.796718233,1339435.7327400001
2018-12-01,FALSE,TRUE,FALSE,900197.1966570031,740916.2599599999
2017-11-01,FALSE,TRUE,FALSE,691605.1989698482,725551.9833600001
2023-03-01,FALSE,TRUE,TRUE,61343936.281939134,15216253.847450001
2022-09-01,TRUE,TRUE,FALSE,472790.7539811257,315517.76992
2018-04-01,TRUE,TRUE,FALSE,29064.319504730665,59126.73283999999
2023-09-01,TRUE,TRUE,FALSE,768877.9899685829,442510.9510799999
2023-06-01,TRUE,TRUE,FALSE,249377.02402802854,375969.54997000005
2019-09-01,TRUE,TRUE,FALSE,38016.16955112052,18516.364019999997
2019-03-01,TRUE,TRUE,FALSE,21352.80365952135,43568.37934
2022-06-01,TRUE,TRUE,FALSE,184788.11827195517,287790.55286000005
2024-04-01,TRUE,TRUE,FALSE,789673.0636448567,475599.2284800001
2023-05-01,TRUE,TRUE,FALSE,210541.78294782364,328305.01697
2022-08-01,FALSE,TRUE,FALSE,1817532.6279783938,1373066.88081
2018-09-01,TRUE,TRUE,FALSE,16555.567348312805,27329.016559999996
2022-03-01,FALSE,TRUE,FALSE,2257873.495510687,1535219.1929199998
2024-03-01,FALSE,TRUE,FALSE,2168413.0141743757,1430014.1437699997
2022-11-01,FALSE,TRUE,FALSE,2121305.9664493226,1497145.87292
2023-11-01,TRUE,TRUE,FALSE,799890.2934686262,531151.77578
2023-07-01,FALSE,TRUE,FALSE,2264900.907542119,1476992.21298
2017-04-01,TRUE,TRUE,FALSE,29849.12180719417,88773.04862000002
2024-09-01,FALSE,TRUE,FALSE,1956580.828246844,1345344.13799
2018-03-01,TRUE,TRUE,FALSE,16113.487623735115,49848.638729999984
2021-03-01,TRUE,TRUE,FALSE,92198.1329924433,50523.6696
2020-09-01,TRUE,TRUE,FALSE,48832.35263608157,31234.031450000002
2020-11-01,FALSE,TRUE,FALSE,761540.4250732816,709169.4231700001
2020-08-01,FALSE,TRUE,FALSE,747189.3629621448,737638.7101100001
2024-08-01,FALSE,TRUE,FALSE,1620676.958497831,1160458.0073199999
2021-06-01,TRUE,TRUE,FALSE,56786.037198617334,74799.61667999999
2021-12-01,FALSE,TRUE,FALSE,991952.2670666656,834851.3858200002
2021-04-01,FALSE,TRUE,FALSE,981745.6524856533,818765.6446600001
2019-11-01,FALSE,TRUE,FALSE,679034.1409739424,639573.98314
2017-07-01,FALSE,TRUE,FALSE,846771.5455534055,913494.4310999999
2024-12-01,FALSE,TRUE,FALSE,2068620.13877134,1430080.0939
2022-05-01,FALSE,TRUE,FALSE,2348875.786080337,1665184.8346
2019-08-01,FALSE,TRUE,FALSE,912387.0475130393,713299.9101900001
2021-09-01,FALSE,TRUE,FALSE,840791.7812365347,853257.27279
2024-02-01,FALSE,FALSE,FALSE,20263673.394558348,44881.38729
2020-01-01,TRUE,FALSE,FALSE,583605.4855214832,8030.483
2022-01-01,TRUE,FALSE,FALSE,618126.2359019709,8653.178890000001
2022-02-01,FALSE,FALSE,FALSE,16890723.97235967,160764.22501
2017-01-01,TRUE,FALSE,FALSE,545571.4578447157,11146.367970000001
2020-12-01,FALSE,FALSE,FALSE,16647385.406742522,208370.10250000004
2021-01-01,TRUE,FALSE,FALSE,548512.1526162771,7253.477849999999
2017-03-01,FALSE,FALSE,FALSE,15561249.450151186,194586.07436000003
2019-02-01,FALSE,FALSE,FALSE,13756743.109652951,144048.78222
2023-12-01,TRUE,FALSE,FALSE,682956.3259242573,9781.690100000002
2019-01-01,FALSE,FALSE,FALSE,15710146.09027981,210158.64870999998
2017-12-01,FALSE,FALSE,FALSE,16209904.445542123,222138.50262000004
2019-12-01,FALSE,FALSE,FALSE,16023080.234481832,196216.34056999997
2024-01-01,TRUE,FALSE,FALSE,689124.665494972,8770.235
2018-01-01,TRUE,FALSE,FALSE,490481.8910979719,9568.95308
2023-01-01,TRUE,FALSE,FALSE,690437.9480223075,10417.880659999999
2022-12-01,TRUE,FALSE,FALSE,639262.9006555504,12520.650880000001
2020-03-01,TRUE,FALSE,FALSE,647208.261942113,7331.281010000001
2021-02-01,TRUE,FALSE,FALSE,545801.9355984873,6380.10155
2022-04-01,FALSE,FALSE,FALSE,17892121.236289844,117923.42006999998
2020-02-01,TRUE,FALSE,FALSE,554939.9590001762,7327.081579999999
2021-11-01,TRUE,FALSE,FALSE,540993.8398944879,7100.32128
2024-11-01,TRUE,FALSE,FALSE,639895.7564280423,11955.380940000001
2018-11-01,TRUE,FALSE,FALSE,466774.1691446032,8604.96513
2023-08-01,FALSE,FALSE,FALSE,19439202.05813339,78564.25366
2019-04-01,FALSE,FALSE,FALSE,15191040.10136482,121519.55198999998
2021-05-01,FALSE,FALSE,FALSE,17349351.552190043,137876.35460000002
2019-07-01,TRUE,FALSE,FALSE,583990.9785067488,17181.731780000002
2018-05-01,FALSE,FALSE,FALSE,15730104.540893756,146008.44244999997
2017-02-01,TRUE,FALSE,FALSE,455644.2445064158,11789.281410000001
2024-10-01,TRUE,FALSE,FALSE,652110.347418564,10262.0844
2017-06-01,FALSE,FALSE,FALSE,15435101.457115838,166447.36349000002
2024-05-01,TRUE,FALSE,FALSE,740327.5176152182,13319.506309999999
2020-10-01,TRUE,FALSE,FALSE,544591.0940685006,6905.332350000001
2017-08-01,TRUE,FALSE,FALSE,540467.9458562507,20104.6274
2018-10-01,TRUE,FALSE,FALSE,540278.4847375079,9022.90511
2022-10-01,TRUE,FALSE,FALSE,661827.5940517283,7512.47594
2020-05-01,TRUE,FALSE,FALSE,630143.3228882146,9719.65845
2018-08-01,TRUE,FALSE,FALSE,562353.1637706576,13674.495579999999
2017-05-01,TRUE,FALSE,FALSE,522364.9791652714,12909.57339
2022-07-01,TRUE,FALSE,FALSE,707359.723814398,14025.655840000001
2019-10-01,TRUE,FALSE,FALSE,576629.0721493976,10014.45832
2020-06-01,TRUE,FALSE,FALSE,592106.2586513474,13041.28199
2024-06-01,TRUE,FALSE,FALSE,702881.5866097077,13333.15526
2019-06-01,FALSE,FALSE,FALSE,15011162.055341061,141734.73377999998
2021-10-01,TRUE,FALSE,FALSE,558770.3688599918,10194.879869999999
2024-07-01,FALSE,FALSE,FALSE,22321469.04261589,67998.07825
2021-08-01,FALSE,FALSE,FALSE,17394195.299959235,140741.05827999997
2019-03-01,TRUE,TRUE,TRUE,2490651.0788666047,1264627.92918
2018-03-01,TRUE,TRUE,TRUE,2337574.76121338,1325455.7349800002
2017-11-01,FALSE,TRUE,TRUE,50204393.77266512,14962125.01213
2019-08-01,FALSE,TRUE,TRUE,61070909.349807516,15145324.208780002
2018-07-01,FALSE,FALSE,FALSE,15633259.509726236,156971.10655000003
2020-07-01,FALSE,FALSE,FALSE,15802879.383994834,166467.28134000005
2021-07-01,TRUE,FALSE,FALSE,611260.6550304792,14654.69528
2018-09-01,TRUE,TRUE,TRUE,3131844.613726062,1760965.0888200002
2020-09-01,TRUE,TRUE,TRUE,3506369.606546604,1892454.0152000007
2021-03-01,TRUE,TRUE,TRUE,2694879.882049777,1094169.42152
2018-04-01,TRUE,TRUE,TRUE,2537968.382148024,1230707.6104700002
2023-05-01,TRUE,TRUE,TRUE,3095039.9926706827,1236367.4978200002
2023-09-01,TRUE,TRUE,TRUE,5677290.606710957,2096128.89659
2019-09-01,TRUE,TRUE,TRUE,3539894.329002771,1602612.3970299996
2024-12-01,FALSE,TRUE,TRUE,66292817.63753976,15341245.721420001
2018-12-01,FALSE,TRUE,TRUE,52024460.06314082,14755296.152639998
2021-09-01,FALSE,TRUE,TRUE,61618287.77404207,17435403.216530003
2022-08-01,FALSE,TRUE,TRUE,68805527.26531492,15555025.753239999
2023-07-01,FALSE,TRUE,TRUE,69860153.77551371,15366671.052340003
2017-10-01,FALSE,TRUE,TRUE,52592463.61298367,15034605.029680002
2017-09-01,FALSE,FALSE,FALSE,15686572.345245155,114183.55377000001
2021-06-01,TRUE,TRUE,TRUE,2343752.3292114986,1231942.3105799998
2018-06-01,TRUE,TRUE,FALSE,25244.452398593137,48066.82041999998
2024-08-01,TRUE,TRUE,FALSE,520025.5961346631,377530.83123999997
2021-04-01,FALSE,TRUE,TRUE,56869676.39667366,14615571.244879998
2022-05-01,FALSE,TRUE,TRUE,63412537.764207765,15371225.730349999
2024-03-01,FALSE,TRUE,TRUE,64521612.004285224,15799970.979269998
2020-08-01,FALSE,TRUE,TRUE,60027480.1404609,16501220.67617
2021-12-01,FALSE,TRUE,TRUE,60696007.98928201,16385151.070689995
2020-04-01,FALSE,TRUE,TRUE,51291996.81673399,15992734.64661
2019-05-01,FALSE,TRUE,TRUE,57095691.77650747,15046280.09345
2018-02-01,FALSE,TRUE,TRUE,46420064.76924455,13746638.213680001
2019-11-01,FALSE,TRUE,TRUE,54211391.506609485,15743487.00103
2020-11-01,FALSE,TRUE,TRUE,53951047.069194555,16615660.279200003
2017-07-01,FALSE,TRUE,TRUE,56487392.967491254,14553394.451690003
2023-10-01,FALSE,TRUE,TRUE,65143489.95318264,14823948.964939998
2024-08-01,FALSE,TRUE,TRUE,74605905.65097938,15194357.36884
2017-04-01,TRUE,TRUE,TRUE,2198178.2164286724,1507017.2830999997
2022-09-01,TRUE,TRUE,TRUE,4488485.144221764,2085907.24854
2022-11-01,FALSE,TRUE,TRUE,60720742.96514702,15742233.872599997
2024-09-01,FALSE,TRUE,TRUE,68339354.5596611,15373022.996270007
2018-06-01,FALSE,TRUE,TRUE,55761169.84642819,14415339.05229
2023-04-01,FALSE,TRUE,TRUE,62055702.56028342,15124377.83831
2023-06-01,TRUE,TRUE,TRUE,3119713.689590595,1170970.1265699998
2023-11-01,TRUE,TRUE,TRUE,5170486.7165641645,1722513.83827
2024-04-01,TRUE,TRUE,TRUE,4931972.451942473,1828155.3056
2022-08-01,TRUE,TRUE,FALSE,480386.74345968914,383359.42072999995
2022-05-01,TRUE,TRUE,FALSE,154780.69437419792,227346.09565000003
2022-03-01,FALSE,TRUE,TRUE,58174655.79918506,15140242.19921
2023-03-01,TRUE,TRUE,TRUE,4499867.066222769,1877491.7736699998
2019-10-01,FALSE,TRUE,FALSE,826693.1282092466,703228.0667000001
2021-01-01,FALSE,TRUE,FALSE,1033485.9757526494,712058.25616
2018-11-01,FALSE,TRUE,FALSE,991471.3000456012,823552.8970100001
2020-01-01,FALSE,TRUE,FALSE,1057813.3469615027,757717.1377699999
2024-01-01,FALSE,TRUE,FALSE,2370243.8628473254,1502195.35889
2023-01-01,FALSE,TRUE,FALSE,2188907.261238494,1391426.19335
2023-12-01,FALSE,TRUE,FALSE,2457126.627790265,1516850.2011199999
2020-03-01,FALSE,TRUE,FALSE,915225.8306139599,869522.27865
2022-01-01,FALSE,TRUE,FALSE,3289491.621194312,1676711.0370300002
2018-01-01,FALSE,TRUE,FALSE,772139.2356697528,571221.78633
2022-07-01,FALSE,TRUE,FALSE,2345706.7876782217,1605323.88327
2022-06-01,TRUE,TRUE,TRUE,2266468.3177098907,1168755.0744
2023-02-01,FALSE,TRUE,TRUE,53749135.73379109,14894473.540860001
2020-10-01,FALSE,TRUE,FALSE,870420.6221031116,733827.93938
2017-05-01,FALSE,TRUE,FALSE,798944.149515384,946789.31111
2021-04-01,TRUE,TRUE,FALSE,61084.62184408444,45044.19456
2020-11-01,TRUE,TRUE,FALSE,47193.26811935567,42452.504279999994
2020-08-01,TRUE,TRUE,FALSE,65678.36280137426,32891.042709999994
2019-08-01,TRUE,TRUE,FALSE,38457.25732050689,29955.722870000005
2023-07-01,TRUE,TRUE,FALSE,176565.25935672323,391732.42417
2023-04-01,TRUE,TRUE,FALSE,750903.8858468364,531967.6895000001
2018-02-01,TRUE,TRUE,FALSE,11457.94702788829,28929.614969999995
2023-10-01,TRUE,TRUE,FALSE,1040469.4071477235,496977.64012
2024-10-01,FALSE,TRUE,FALSE,2104459.0478086686,1366023.4655300002
2023-02-01,TRUE,TRUE,FALSE,902650.4759570956,500475.77126999997
2024-12-01,TRUE,TRUE,FALSE,1181711.137845149,490699.7298499999
2024-09-01,TRUE,TRUE,FALSE,499105.71840622515,420397.53990000003
2024-06-01,FALSE,TRUE,FALSE,1758024.2858769267,1272413.38239
2019-05-01,TRUE,TRUE,FALSE,46367.867072898094,83014.09516
2024-03-01,TRUE,TRUE,FALSE,779489.4185531756,466244.41419000004
2022-03-01,TRUE,TRUE,FALSE,519571.45300363825,410473.5169600001
2017-11-01,TRUE,TRUE,FALSE,5014.817926594945,17875.88423
2020-02-01,FALSE,TRUE,FALSE,1053498.6290546893,855359.9702799999
2019-11-01,TRUE,TRUE,FALSE,28563.528570901046,45631.75699
2022-12-01,FALSE,TRUE,FALSE,1797866.1762821109,1278150.9082000002
2017-01-01,FALSE,TRUE,FALSE,3834813.3825818193,2437788.4538300005
2024-05-01,FALSE,TRUE,FALSE,1919517.1203936618,1338318.0400600003
2022-11-01,TRUE,TRUE,FALSE,976510.6445763287,538616.56759
2018-12-01,TRUE,TRUE,FALSE,14548.982059042622,27040.087770000002
2024-11-01,FALSE,TRUE,FALSE,1749407.9454572285,1251743.0047000002
2022-10-01,FALSE,TRUE,FALSE,1946599.15993666,1333165.6247800002
2021-11-01,FALSE,TRUE,FALSE,802186.1424040182,798339.4225799999
2017-07-01,TRUE,TRUE,FALSE,13155.390492317467,67830.75378
2018-10-01,FALSE,TRUE,FALSE,923969.895541411,691652.81739
2020-06-01,FALSE,TRUE,FALSE,1040590.6501863854,1034883.7067900001
2020-04-01,TRUE,TRUE,FALSE,50013.66351245865,69546.50784
2019-07-01,FALSE,TRUE,FALSE,1016675.8376854425,832386.39945
2020-05-01,FALSE,TRUE,FALSE,1005053.492951756,1007153.5588200003
2018-08-01,FALSE,TRUE,FALSE,752624.6521562922,613583.52818
2017-10-01,TRUE,TRUE,FALSE,4810.867776701603,18021.246969999993
2017-02-01,FALSE,TRUE,FALSE,1023413.6820208392,818415.05037
2021-12-01,TRUE,TRUE,FALSE,635398.1986119468,391949.71681
2021-02-01,FALSE,TRUE,FALSE,1065194.682986544,810263.55694
2021-07-01,FALSE,TRUE,FALSE,625739.379599553,459934.17322
2021-09-01,TRUE,TRUE,FALSE,71989.13533696742,58753.49818
2021-10-01,FALSE,TRUE,FALSE,919865.9543820628,827832.05399
2017-08-01,FALSE,TRUE,FALSE,727717.8851240491,844539.8930499998
