threshold,metric,estimate,test,run_version_dark_fleet_rf
0.01,distance,0.20421,inside_footprint,_v20260714
0.01,distance,0.55516,outside_footprint,_v20260714
0.01,precision,0.06267,outside_footprint,_v20260714
0.01,precision,0.25995,inside_footprint,_v20260714
0.01,recall,0.99025,inside_footprint,_v20260714
0.01,recall,0.99712,outside_footprint,_v20260714
0.01,sensitivity,0.99025,inside_footprint,_v20260714
0.01,sensitivity,0.99712,outside_footprint,_v20260714
0.01,specificity,0.25491,outside_footprint,_v20260714
0.01,specificity,0.54821,inside_footprint,_v20260714
0.02,distance,0.13597,inside_footprint,_v20260714
0.02,distance,0.36518,outside_footprint,_v20260714
0.02,precision,0.07564,outside_footprint,_v20260714
0.02,precision,0.29938,inside_footprint,_v20260714
0.02,recall,0.98203,inside_footprint,_v20260714
0.02,recall,0.98965,outside_footprint,_v20260714
0.02,sensitivity,0.98203,inside_footprint,_v20260714
0.02,sensitivity,0.98965,outside_footprint,_v20260714
0.02,specificity,0.39579,outside_footprint,_v20260714
0.02,specificity,0.6317,inside_footprint,_v20260714
0.03,distance,0.10247,inside_footprint,_v20260714
0.03,distance,0.25882,outside_footprint,_v20260714
0.03,precision,0.08786,outside_footprint,_v20260714
0.03,precision,0.32843,inside_footprint,_v20260714
0.03,recall,0.97354,inside_footprint,_v20260714
0.03,recall,0.98018,outside_footprint,_v20260714
0.03,sensitivity,0.97354,inside_footprint,_v20260714
0.03,sensitivity,0.98018,outside_footprint,_v20260714
0.03,specificity,0.49164,outside_footprint,_v20260714
0.03,specificity,0.68098,inside_footprint,_v20260714
0.04,distance,0.08207,inside_footprint,_v20260714
0.04,distance,0.19039,outside_footprint,_v20260714
0.04,precision,0.10006,outside_footprint,_v20260714
0.04,precision,0.35233,inside_footprint,_v20260714
0.04,recall,0.9653,inside_footprint,_v20260714
0.04,recall,0.96861,outside_footprint,_v20260714
0.04,sensitivity,0.9653,inside_footprint,_v20260714
0.04,sensitivity,0.96861,outside_footprint,_v20260714
0.04,specificity,0.56479,outside_footprint,_v20260714
0.04,specificity,0.71563,inside_footprint,_v20260714
0.05,distance,0.06821,inside_footprint,_v20260714
0.05,distance,0.14371,outside_footprint,_v20260714
0.05,precision,0.1125,outside_footprint,_v20260714
0.05,precision,0.37323,inside_footprint,_v20260714
0.05,recall,0.95512,outside_footprint,_v20260714
0.05,recall,0.95749,inside_footprint,_v20260714
0.05,sensitivity,0.95512,outside_footprint,_v20260714
0.05,sensitivity,0.95749,inside_footprint,_v20260714
0.05,specificity,0.62358,outside_footprint,_v20260714
0.05,specificity,0.74232,inside_footprint,_v20260714
0.06,distance,0.0581,inside_footprint,_v20260714
0.06,distance,0.11064,outside_footprint,_v20260714
0.06,precision,0.12551,outside_footprint,_v20260714
0.06,precision,0.39234,inside_footprint,_v20260714
0.06,recall,0.93992,outside_footprint,_v20260714
0.06,recall,0.94973,inside_footprint,_v20260714
0.06,sensitivity,0.93992,outside_footprint,_v20260714
0.06,sensitivity,0.94973,inside_footprint,_v20260714
0.06,specificity,0.67284,outside_footprint,_v20260714
0.06,specificity,0.76427,inside_footprint,_v20260714
0.07,distance,0.05075,inside_footprint,_v20260714
0.07,distance,0.08773,outside_footprint,_v20260714
0.07,precision,0.13884,outside_footprint,_v20260714
0.07,precision,0.4095,inside_footprint,_v20260714
0.07,recall,0.92297,outside_footprint,_v20260714
0.07,recall,0.94182,inside_footprint,_v20260714
0.07,sensitivity,0.92297,outside_footprint,_v20260714
0.07,sensitivity,0.94182,inside_footprint,_v20260714
0.07,specificity,0.714,outside_footprint,_v20260714
0.07,specificity,0.78236000000000006,inside_footprint,_v20260714
0.08,distance,0.0451,inside_footprint,_v20260714
0.08,distance,0.07192,outside_footprint,_v20260714
0.08,precision,0.15274,outside_footprint,_v20260714
0.08,precision,0.42575,inside_footprint,_v20260714
0.08,recall,0.90523,outside_footprint,_v20260714
0.08,recall,0.9343,inside_footprint,_v20260714
0.08,sensitivity,0.90523,outside_footprint,_v20260714
0.08,sensitivity,0.9343,inside_footprint,_v20260714
0.08,specificity,0.74913,outside_footprint,_v20260714
0.08,specificity,0.79805,inside_footprint,_v20260714
0.09,distance,0.04076,inside_footprint,_v20260714
0.09,distance,0.06165,outside_footprint,_v20260714
0.09,precision,0.16697,outside_footprint,_v20260714
0.09,precision,0.44108,inside_footprint,_v20260714
0.09,recall,0.88697,outside_footprint,_v20260714
0.09,recall,0.92708,inside_footprint,_v20260714
0.09,sensitivity,0.88697,outside_footprint,_v20260714
0.09,sensitivity,0.92708,inside_footprint,_v20260714
0.09,specificity,0.77893,outside_footprint,_v20260714
0.09,specificity,0.81174,inside_footprint,_v20260714
0.1,distance,0.0375,inside_footprint,_v20260714
0.1,distance,0.05569,outside_footprint,_v20260714
0.1,precision,0.18122,outside_footprint,_v20260714
0.1,precision,0.45544,inside_footprint,_v20260714
0.1,recall,0.86868,outside_footprint,_v20260714
0.1,recall,0.9197,inside_footprint,_v20260714
0.1,sensitivity,0.86868,outside_footprint,_v20260714
0.1,sensitivity,0.9197,inside_footprint,_v20260714
0.1,specificity,0.80392,outside_footprint,_v20260714
0.1,specificity,0.82377,inside_footprint,_v20260714
0.11,distance,0.03505,inside_footprint,_v20260714
0.11,distance,0.05308,outside_footprint,_v20260714
0.11,precision,0.1951,outside_footprint,_v20260714
0.11,precision,0.4691,inside_footprint,_v20260714
0.11,recall,0.8505,outside_footprint,_v20260714
0.11,recall,0.91243,inside_footprint,_v20260714
0.11,sensitivity,0.8505,outside_footprint,_v20260714
0.11,sensitivity,0.91243,inside_footprint,_v20260714
0.11,specificity,0.8247,outside_footprint,_v20260714
0.11,specificity,0.83452,inside_footprint,_v20260714
0.12,distance,0.03322,inside_footprint,_v20260714
0.12,distance,0.0529,outside_footprint,_v20260714
0.12,precision,0.20855,outside_footprint,_v20260714
0.12,precision,0.48241,inside_footprint,_v20260714
0.12,recall,0.83277,outside_footprint,_v20260714
0.12,recall,0.90512,inside_footprint,_v20260714
0.12,sensitivity,0.83277,outside_footprint,_v20260714
0.12,sensitivity,0.90512,inside_footprint,_v20260714
0.12,specificity,0.84211,outside_footprint,_v20260714
0.12,specificity,0.84438,inside_footprint,_v20260714
0.13,distance,0.03193,inside_footprint,_v20260714
0.13,distance,0.0544,outside_footprint,_v20260714
0.13,precision,0.22138,outside_footprint,_v20260714
0.13,precision,0.49511,inside_footprint,_v20260714
0.13,recall,0.81603,outside_footprint,_v20260714
0.13,recall,0.89803,inside_footprint,_v20260714
0.13,sensitivity,0.81603,outside_footprint,_v20260714
0.13,sensitivity,0.89803,inside_footprint,_v20260714
0.13,specificity,0.85325,inside_footprint,_v20260714
0.13,specificity,0.85662,outside_footprint,_v20260714
0.14,distance,0.03111,inside_footprint,_v20260714
0.14,distance,0.05713,outside_footprint,_v20260714
0.14,precision,0.23382,outside_footprint,_v20260714
0.14,precision,0.50734,inside_footprint,_v20260714
0.14,recall,0.80006,outside_footprint,_v20260714
0.14,recall,0.89095,inside_footprint,_v20260714
0.14,sensitivity,0.80006,outside_footprint,_v20260714
0.14,sensitivity,0.89095,inside_footprint,_v20260714
0.14,specificity,0.86136,inside_footprint,_v20260714
0.14,specificity,0.86902,outside_footprint,_v20260714
0.15,distance,0.03069,inside_footprint,_v20260714
0.15,distance,0.06108,outside_footprint,_v20260714
0.15,precision,0.24559,outside_footprint,_v20260714
0.15,precision,0.51923,inside_footprint,_v20260714
0.15,recall,0.78413,outside_footprint,_v20260714
0.15,recall,0.88383,inside_footprint,_v20260714
0.15,sensitivity,0.78413,outside_footprint,_v20260714
0.15,sensitivity,0.88383,inside_footprint,_v20260714
0.15,specificity,0.86885,inside_footprint,_v20260714
0.15,specificity,0.87966,outside_footprint,_v20260714
0.16,distance,0.0306,inside_footprint,_v20260714
0.16,distance,0.06578,outside_footprint,_v20260714
0.16,precision,0.25704,outside_footprint,_v20260714
0.16,precision,0.5308,inside_footprint,_v20260714
0.16,recall,0.76879,outside_footprint,_v20260714
0.16,recall,0.87682,inside_footprint,_v20260714
0.16,sensitivity,0.76879,outside_footprint,_v20260714
0.16,sensitivity,0.87682,inside_footprint,_v20260714
0.16,specificity,0.87579,inside_footprint,_v20260714
0.16,specificity,0.88898,outside_footprint,_v20260714
0.17,distance,0.03086,inside_footprint,_v20260714
0.17,distance,0.07132,outside_footprint,_v20260714
0.17,precision,0.26815,outside_footprint,_v20260714
0.17,precision,0.54175,inside_footprint,_v20260714
0.17,recall,0.7535,outside_footprint,_v20260714
0.17,recall,0.86978,inside_footprint,_v20260714
0.17,sensitivity,0.7535,outside_footprint,_v20260714
0.17,sensitivity,0.86978,inside_footprint,_v20260714
0.17,specificity,0.8821,inside_footprint,_v20260714
0.17,specificity,0.89726,outside_footprint,_v20260714
0.18,distance,0.03133,inside_footprint,_v20260714
0.18,distance,0.07722,outside_footprint,_v20260714
0.18,precision,0.27932,outside_footprint,_v20260714
0.18,precision,0.55259,inside_footprint,_v20260714
0.18,recall,0.73894,outside_footprint,_v20260714
0.18,recall,0.86291,inside_footprint,_v20260714
0.18,sensitivity,0.73894,outside_footprint,_v20260714
0.18,sensitivity,0.86291,inside_footprint,_v20260714
0.18,specificity,0.88804,inside_footprint,_v20260714
0.18,specificity,0.90475,outside_footprint,_v20260714
0.19,distance,0.03212,inside_footprint,_v20260714
0.19,distance,0.08402,outside_footprint,_v20260714
0.19,precision,0.29001,outside_footprint,_v20260714
0.19,precision,0.56321,inside_footprint,_v20260714
0.19,recall,0.724,outside_footprint,_v20260714
0.19,recall,0.85576,inside_footprint,_v20260714
0.19,sensitivity,0.724,outside_footprint,_v20260714
0.19,sensitivity,0.85576,inside_footprint,_v20260714
0.19,specificity,0.89364,inside_footprint,_v20260714
0.19,specificity,0.91145,outside_footprint,_v20260714
0.2,distance,0.03308,inside_footprint,_v20260714
0.2,distance,0.0913,outside_footprint,_v20260714
0.2,precision,0.30091,outside_footprint,_v20260714
0.2,precision,0.57338,inside_footprint,_v20260714
0.2,recall,0.70927,outside_footprint,_v20260714
0.2,recall,0.84889,inside_footprint,_v20260714
0.2,sensitivity,0.70927,outside_footprint,_v20260714
0.2,sensitivity,0.84889,inside_footprint,_v20260714
0.2,specificity,0.89878,inside_footprint,_v20260714
0.2,specificity,0.91768,outside_footprint,_v20260714
0.21,distance,0.03421,inside_footprint,_v20260714
0.21,distance,0.09915,outside_footprint,_v20260714
0.21,precision,0.31186,outside_footprint,_v20260714
0.21,precision,0.58347,inside_footprint,_v20260714
0.21,recall,0.69456,outside_footprint,_v20260714
0.21,recall,0.84212,inside_footprint,_v20260714
0.21,sensitivity,0.69456,outside_footprint,_v20260714
0.21,sensitivity,0.84212,inside_footprint,_v20260714
0.21,specificity,0.90366,inside_footprint,_v20260714
0.21,specificity,0.92343,outside_footprint,_v20260714
0.22,distance,0.03558,inside_footprint,_v20260714
0.22,distance,0.10761,outside_footprint,_v20260714
0.22,precision,0.32281,outside_footprint,_v20260714
0.22,precision,0.59323,inside_footprint,_v20260714
0.22,recall,0.67979,outside_footprint,_v20260714
0.22,recall,0.83521,inside_footprint,_v20260714
0.22,sensitivity,0.67979,outside_footprint,_v20260714
0.22,sensitivity,0.83521,inside_footprint,_v20260714
0.22,specificity,0.90822,inside_footprint,_v20260714
0.22,specificity,0.92876,outside_footprint,_v20260714
0.23,distance,0.03716,inside_footprint,_v20260714
0.23,distance,0.11651,outside_footprint,_v20260714
0.23,precision,0.33408,outside_footprint,_v20260714
0.23,precision,0.60264,inside_footprint,_v20260714
0.23,recall,0.66515,outside_footprint,_v20260714
0.23,recall,0.82824,inside_footprint,_v20260714
0.23,sensitivity,0.66515,outside_footprint,_v20260714
0.23,sensitivity,0.82824,inside_footprint,_v20260714
0.23,specificity,0.91248,inside_footprint,_v20260714
0.23,specificity,0.93376,outside_footprint,_v20260714
0.24,distance,0.03884,inside_footprint,_v20260714
0.24,distance,0.12574,outside_footprint,_v20260714
0.24,precision,0.34571,outside_footprint,_v20260714
0.24,precision,0.61219,inside_footprint,_v20260714
0.24,recall,0.65078,outside_footprint,_v20260714
0.24,recall,0.82143,inside_footprint,_v20260714
0.24,sensitivity,0.65078,outside_footprint,_v20260714
0.24,sensitivity,0.82143,inside_footprint,_v20260714
0.24,specificity,0.91661,inside_footprint,_v20260714
0.24,specificity,0.93847,outside_footprint,_v20260714
0.25,distance,0.04077,inside_footprint,_v20260714
0.25,distance,0.1356,outside_footprint,_v20260714
0.25,precision,0.35745,outside_footprint,_v20260714
0.25,precision,0.62119,inside_footprint,_v20260714
0.25,recall,0.63622,outside_footprint,_v20260714
0.25,recall,0.81443,inside_footprint,_v20260714
0.25,sensitivity,0.63622,outside_footprint,_v20260714
0.25,sensitivity,0.81443,inside_footprint,_v20260714
0.25,specificity,0.92041,inside_footprint,_v20260714
0.25,specificity,0.94286,outside_footprint,_v20260714
0.26,distance,0.04288,inside_footprint,_v20260714
0.26,distance,0.14576,outside_footprint,_v20260714
0.26,precision,0.36922,outside_footprint,_v20260714
0.26,precision,0.6301,inside_footprint,_v20260714
0.26,recall,0.62192,outside_footprint,_v20260714
0.26,recall,0.80736,inside_footprint,_v20260714
0.26,sensitivity,0.62192,outside_footprint,_v20260714
0.26,sensitivity,0.80736,inside_footprint,_v20260714
0.26,specificity,0.92405,inside_footprint,_v20260714
0.26,specificity,0.94692,outside_footprint,_v20260714
0.27,distance,0.04507,inside_footprint,_v20260714
0.27,distance,0.15648,outside_footprint,_v20260714
0.27,precision,0.38086,outside_footprint,_v20260714
0.27,precision,0.63851,inside_footprint,_v20260714
0.27,recall,0.60752,outside_footprint,_v20260714
0.27,recall,0.80052,inside_footprint,_v20260714
0.27,sensitivity,0.60752,outside_footprint,_v20260714
0.27,sensitivity,0.80052,inside_footprint,_v20260714
0.27,specificity,0.92737,inside_footprint,_v20260714
0.27,specificity,0.95066,outside_footprint,_v20260714
0.28,distance,0.04736,inside_footprint,_v20260714
0.28,distance,0.16724,outside_footprint,_v20260714
0.28,precision,0.3927,outside_footprint,_v20260714
0.28,precision,0.64708,inside_footprint,_v20260714
0.28,recall,0.59363,outside_footprint,_v20260714
0.28,recall,0.79372,inside_footprint,_v20260714
0.28,sensitivity,0.59363,outside_footprint,_v20260714
0.28,sensitivity,0.79372,inside_footprint,_v20260714
0.28,specificity,0.93063,inside_footprint,_v20260714
0.28,specificity,0.95414,outside_footprint,_v20260714
0.29,distance,0.0498,inside_footprint,_v20260714
0.29,distance,0.17872,outside_footprint,_v20260714
0.29,precision,0.40432,outside_footprint,_v20260714
0.29,precision,0.6553,inside_footprint,_v20260714
0.29,recall,0.5794,outside_footprint,_v20260714
0.29,recall,0.78692,inside_footprint,_v20260714
0.29,sensitivity,0.5794,outside_footprint,_v20260714
0.29,sensitivity,0.78692,inside_footprint,_v20260714
0.29,specificity,0.93367,inside_footprint,_v20260714
0.29,specificity,0.95735,outside_footprint,_v20260714
0.3,distance,0.05237,inside_footprint,_v20260714
0.3,distance,0.1907,outside_footprint,_v20260714
0.3,precision,0.41615,outside_footprint,_v20260714
0.3,precision,0.66343,inside_footprint,_v20260714
0.3,recall,0.56511,outside_footprint,_v20260714
0.3,recall,0.78013,inside_footprint,_v20260714
0.3,sensitivity,0.56511,outside_footprint,_v20260714
0.3,sensitivity,0.78013,inside_footprint,_v20260714
0.3,specificity,0.93658,inside_footprint,_v20260714
0.3,specificity,0.96039,outside_footprint,_v20260714
0.31,distance,0.05511,inside_footprint,_v20260714
0.31,distance,0.20314,outside_footprint,_v20260714
0.31,precision,0.42828,outside_footprint,_v20260714
0.31,precision,0.6713,inside_footprint,_v20260714
0.31,recall,0.55079,outside_footprint,_v20260714
0.31,recall,0.77323,inside_footprint,_v20260714
0.31,sensitivity,0.55079,outside_footprint,_v20260714
0.31,sensitivity,0.77323,inside_footprint,_v20260714
0.31,specificity,0.93933,inside_footprint,_v20260714
0.31,specificity,0.96327,outside_footprint,_v20260714
0.32,distance,0.05795,inside_footprint,_v20260714
0.32,distance,0.21582,outside_footprint,_v20260714
0.32,precision,0.4404,outside_footprint,_v20260714
0.32,precision,0.67929,inside_footprint,_v20260714
0.32,recall,0.53669,outside_footprint,_v20260714
0.32,recall,0.76636,inside_footprint,_v20260714
0.32,sensitivity,0.53669,outside_footprint,_v20260714
0.32,sensitivity,0.76636,inside_footprint,_v20260714
0.32,specificity,0.94202,inside_footprint,_v20260714
0.32,specificity,0.96593,outside_footprint,_v20260714
0.33,distance,0.06088,inside_footprint,_v20260714
0.33,distance,0.2287,outside_footprint,_v20260714
0.33,precision,0.45234,outside_footprint,_v20260714
0.33,precision,0.68692,inside_footprint,_v20260714
0.33,recall,0.52282,outside_footprint,_v20260714
0.33,recall,0.75957,inside_footprint,_v20260714
0.33,sensitivity,0.52282,outside_footprint,_v20260714
0.33,sensitivity,0.75957,inside_footprint,_v20260714
0.33,specificity,0.94452,inside_footprint,_v20260714
0.33,specificity,0.96838,outside_footprint,_v20260714
0.34,distance,0.06397,inside_footprint,_v20260714
0.34,distance,0.24204,outside_footprint,_v20260714
0.34,precision,0.46426,outside_footprint,_v20260714
0.34,precision,0.69427,inside_footprint,_v20260714
0.34,recall,0.5089,outside_footprint,_v20260714
0.34,recall,0.75271,inside_footprint,_v20260714
0.34,sensitivity,0.5089,outside_footprint,_v20260714
0.34,sensitivity,0.75271,inside_footprint,_v20260714
0.34,specificity,0.94688,inside_footprint,_v20260714
0.34,specificity,0.97066,outside_footprint,_v20260714
0.35,distance,0.06732,inside_footprint,_v20260714
0.35,distance,0.25572,outside_footprint,_v20260714
0.35,precision,0.47615,outside_footprint,_v20260714
0.35,precision,0.7017,inside_footprint,_v20260714
0.35,recall,0.49504,outside_footprint,_v20260714
0.35,recall,0.74556,inside_footprint,_v20260714
0.35,sensitivity,0.49504,outside_footprint,_v20260714
0.35,sensitivity,0.74556,inside_footprint,_v20260714
0.35,specificity,0.94921,inside_footprint,_v20260714
0.35,specificity,0.97279,outside_footprint,_v20260714
0.36,distance,0.07064,inside_footprint,_v20260714
0.36,distance,0.26947,outside_footprint,_v20260714
0.36,precision,0.48795,outside_footprint,_v20260714
0.36,precision,0.70906,inside_footprint,_v20260714
0.36,recall,0.48151,outside_footprint,_v20260714
0.36,recall,0.73869,inside_footprint,_v20260714
0.36,sensitivity,0.48151,outside_footprint,_v20260714
0.36,sensitivity,0.73869,inside_footprint,_v20260714
0.36,specificity,0.95143,inside_footprint,_v20260714
0.36,specificity,0.97476,outside_footprint,_v20260714
0.37,distance,0.07417,inside_footprint,_v20260714
0.37,distance,0.28333,outside_footprint,_v20260714
0.37,precision,0.49975,outside_footprint,_v20260714
0.37,precision,0.71638,inside_footprint,_v20260714
0.37,recall,0.46823,outside_footprint,_v20260714
0.37,recall,0.73163,inside_footprint,_v20260714
0.37,sensitivity,0.46823,outside_footprint,_v20260714
0.37,sensitivity,0.73163,inside_footprint,_v20260714
0.37,specificity,0.95358,inside_footprint,_v20260714
0.37,specificity,0.97658,outside_footprint,_v20260714
0.38,distance,0.0778,inside_footprint,_v20260714
0.38,distance,0.29718,outside_footprint,_v20260714
0.38,precision,0.51188,outside_footprint,_v20260714
0.38,precision,0.72356,inside_footprint,_v20260714
0.38,recall,0.45529,outside_footprint,_v20260714
0.38,recall,0.72462,inside_footprint,_v20260714
0.38,sensitivity,0.45529,outside_footprint,_v20260714
0.38,sensitivity,0.72462,inside_footprint,_v20260714
0.38,specificity,0.95563,inside_footprint,_v20260714
0.38,specificity,0.97831,outside_footprint,_v20260714
0.39,distance,0.08151,inside_footprint,_v20260714
0.39,distance,0.31206,outside_footprint,_v20260714
0.39,precision,0.52383,outside_footprint,_v20260714
0.39,precision,0.73061,inside_footprint,_v20260714
0.39,recall,0.44174,outside_footprint,_v20260714
0.39,recall,0.71767,inside_footprint,_v20260714
0.39,sensitivity,0.44174,outside_footprint,_v20260714
0.39,sensitivity,0.71767,inside_footprint,_v20260714
0.39,specificity,0.95759,inside_footprint,_v20260714
0.39,specificity,0.97994,outside_footprint,_v20260714
0.4,distance,0.08536,inside_footprint,_v20260714
0.4,distance,0.32658,outside_footprint,_v20260714
0.4,precision,0.53577,outside_footprint,_v20260714
0.4,precision,0.73747,inside_footprint,_v20260714
0.4,recall,0.42883,outside_footprint,_v20260714
0.4,recall,0.71066,inside_footprint,_v20260714
0.4,sensitivity,0.42883,outside_footprint,_v20260714
0.4,sensitivity,0.71066,inside_footprint,_v20260714
0.4,specificity,0.95946,inside_footprint,_v20260714
0.4,specificity,0.98144,outside_footprint,_v20260714
0.41,distance,0.08923,inside_footprint,_v20260714
0.41,distance,0.34144,outside_footprint,_v20260714
0.41,precision,0.54775,outside_footprint,_v20260714
0.41,precision,0.74416,inside_footprint,_v20260714
0.41,recall,0.41593,outside_footprint,_v20260714
0.41,recall,0.70381,inside_footprint,_v20260714
0.41,sensitivity,0.41593,outside_footprint,_v20260714
0.41,sensitivity,0.70381,inside_footprint,_v20260714
0.41,specificity,0.96122,inside_footprint,_v20260714
0.41,specificity,0.98284,outside_footprint,_v20260714
0.42,distance,0.09332,inside_footprint,_v20260714
0.42,distance,0.35636,outside_footprint,_v20260714
0.42,precision,0.55939,outside_footprint,_v20260714
0.42,precision,0.75086,inside_footprint,_v20260714
0.42,recall,0.40326,outside_footprint,_v20260714
0.42,recall,0.69677,inside_footprint,_v20260714
0.42,sensitivity,0.40326,outside_footprint,_v20260714
0.42,sensitivity,0.69677,inside_footprint,_v20260714
0.42,specificity,0.96295,inside_footprint,_v20260714
0.42,specificity,0.98413,outside_footprint,_v20260714
0.43,distance,0.09749,inside_footprint,_v20260714
0.43,distance,0.37144,outside_footprint,_v20260714
0.43,precision,0.5715,outside_footprint,_v20260714
0.43,precision,0.75754,inside_footprint,_v20260714
0.43,recall,0.39072,outside_footprint,_v20260714
0.43,recall,0.68978,inside_footprint,_v20260714
0.43,sensitivity,0.39072,outside_footprint,_v20260714
0.43,sensitivity,0.68978,inside_footprint,_v20260714
0.43,specificity,0.96462,inside_footprint,_v20260714
0.43,specificity,0.98536,outside_footprint,_v20260714
0.44,distance,0.10184,inside_footprint,_v20260714
0.44,distance,0.38685,outside_footprint,_v20260714
0.44,precision,0.58392,outside_footprint,_v20260714
0.44,precision,0.76374,inside_footprint,_v20260714
0.44,recall,0.37818,outside_footprint,_v20260714
0.44,recall,0.68267,inside_footprint,_v20260714
0.44,sensitivity,0.37818,outside_footprint,_v20260714
0.44,sensitivity,0.68267,inside_footprint,_v20260714
0.44,specificity,0.96616,inside_footprint,_v20260714
0.44,specificity,0.98654,outside_footprint,_v20260714
0.45,distance,0.1062,inside_footprint,_v20260714
0.45,distance,0.402,outside_footprint,_v20260714
0.45,precision,0.59665,outside_footprint,_v20260714
0.45,precision,0.7698,inside_footprint,_v20260714
0.45,recall,0.36609,outside_footprint,_v20260714
0.45,recall,0.67573,inside_footprint,_v20260714
0.45,sensitivity,0.36609,outside_footprint,_v20260714
0.45,sensitivity,0.67573,inside_footprint,_v20260714
0.45,specificity,0.96762,inside_footprint,_v20260714
0.45,specificity,0.98764,outside_footprint,_v20260714
0.46,distance,0.11088,inside_footprint,_v20260714
0.46,distance,0.41732,outside_footprint,_v20260714
0.46,precision,0.60886,outside_footprint,_v20260714
0.46,precision,0.77598,inside_footprint,_v20260714
0.46,recall,0.35409,outside_footprint,_v20260714
0.46,recall,0.66845,inside_footprint,_v20260714
0.46,sensitivity,0.35409,outside_footprint,_v20260714
0.46,sensitivity,0.66845,inside_footprint,_v20260714
0.46,specificity,0.96907,inside_footprint,_v20260714
0.46,specificity,0.98864,outside_footprint,_v20260714
0.47,distance,0.11557,inside_footprint,_v20260714
0.47,distance,0.43264,outside_footprint,_v20260714
0.47,precision,0.62135,outside_footprint,_v20260714
0.47,precision,0.78235,inside_footprint,_v20260714
0.47,recall,0.34233,outside_footprint,_v20260714
0.47,recall,0.66132,inside_footprint,_v20260714
0.47,sensitivity,0.34233,outside_footprint,_v20260714
0.47,sensitivity,0.66132,inside_footprint,_v20260714
0.47,specificity,0.97052,inside_footprint,_v20260714
0.47,specificity,0.98958,outside_footprint,_v20260714
0.48,distance,0.12031,inside_footprint,_v20260714
0.48,distance,0.44792,outside_footprint,_v20260714
0.48,precision,0.63263,outside_footprint,_v20260714
0.48,precision,0.7884,inside_footprint,_v20260714
0.48,recall,0.3308,outside_footprint,_v20260714
0.48,recall,0.65429,inside_footprint,_v20260714
0.48,sensitivity,0.3308,outside_footprint,_v20260714
0.48,sensitivity,0.65429,inside_footprint,_v20260714
0.48,specificity,0.97186,inside_footprint,_v20260714
0.48,specificity,0.9904,outside_footprint,_v20260714
0.49,distance,0.12538,inside_footprint,_v20260714
0.49,distance,0.46269,outside_footprint,_v20260714
0.49,precision,0.644,outside_footprint,_v20260714
0.49,precision,0.79399,inside_footprint,_v20260714
0.49,recall,0.31984,outside_footprint,_v20260714
0.49,recall,0.64693,inside_footprint,_v20260714
0.49,sensitivity,0.31984,outside_footprint,_v20260714
0.49,sensitivity,0.64693,inside_footprint,_v20260714
0.49,specificity,0.9731,inside_footprint,_v20260714
0.49,specificity,0.99117,outside_footprint,_v20260714
0.5,distance,0.13044,inside_footprint,_v20260714
0.5,distance,0.47751,outside_footprint,_v20260714
0.5,precision,0.65517,outside_footprint,_v20260714
0.5,precision,0.80001,inside_footprint,_v20260714
0.5,recall,0.30903,outside_footprint,_v20260714
0.5,recall,0.63975,inside_footprint,_v20260714
0.5,sensitivity,0.30903,outside_footprint,_v20260714
0.5,sensitivity,0.63975,inside_footprint,_v20260714
0.5,specificity,0.97437,inside_footprint,_v20260714
0.5,specificity,0.99187,outside_footprint,_v20260714
0.51,distance,0.13558,inside_footprint,_v20260714
0.51,distance,0.49257,outside_footprint,_v20260714
0.51,precision,0.66584,outside_footprint,_v20260714
0.51,precision,0.80585,inside_footprint,_v20260714
0.51,recall,0.29821,outside_footprint,_v20260714
0.51,recall,0.6326,inside_footprint,_v20260714
0.51,sensitivity,0.29821,outside_footprint,_v20260714
0.51,sensitivity,0.6326,inside_footprint,_v20260714
0.51,specificity,0.97558,inside_footprint,_v20260714
0.51,specificity,0.99252,outside_footprint,_v20260714
0.52,distance,0.14081,inside_footprint,_v20260714
0.52,distance,0.50701,outside_footprint,_v20260714
0.52,precision,0.67651,outside_footprint,_v20260714
0.52,precision,0.81149,inside_footprint,_v20260714
0.52,recall,0.28799,outside_footprint,_v20260714
0.52,recall,0.62547,inside_footprint,_v20260714
0.52,sensitivity,0.28799,outside_footprint,_v20260714
0.52,sensitivity,0.62547,inside_footprint,_v20260714
0.52,specificity,0.97671,inside_footprint,_v20260714
0.52,specificity,0.99312,outside_footprint,_v20260714
0.53,distance,0.14645,inside_footprint,_v20260714
0.53,distance,0.52203,outside_footprint,_v20260714
0.53,precision,0.68655,outside_footprint,_v20260714
0.53,precision,0.81685,inside_footprint,_v20260714
0.53,recall,0.27751,outside_footprint,_v20260714
0.53,recall,0.61795,inside_footprint,_v20260714
0.53,sensitivity,0.27751,outside_footprint,_v20260714
0.53,sensitivity,0.61795,inside_footprint,_v20260714
0.53,specificity,0.9778,inside_footprint,_v20260714
0.53,specificity,0.99367,outside_footprint,_v20260714
0.54,distance,0.15202,inside_footprint,_v20260714
0.54,distance,0.53658,outside_footprint,_v20260714
0.54,precision,0.69703,outside_footprint,_v20260714
0.54,precision,0.82231,inside_footprint,_v20260714
0.54,recall,0.2675,outside_footprint,_v20260714
0.54,recall,0.61068,inside_footprint,_v20260714
0.54,sensitivity,0.2675,outside_footprint,_v20260714
0.54,sensitivity,0.61068,inside_footprint,_v20260714
0.54,specificity,0.97885,inside_footprint,_v20260714
0.54,specificity,0.99419,outside_footprint,_v20260714
0.55,distance,0.15777,inside_footprint,_v20260714
0.55,distance,0.55112,outside_footprint,_v20260714
0.55,precision,0.70733,outside_footprint,_v20260714
0.55,precision,0.82749,inside_footprint,_v20260714
0.55,recall,0.25764,outside_footprint,_v20260714
0.55,recall,0.60331,inside_footprint,_v20260714
0.55,sensitivity,0.25764,outside_footprint,_v20260714
0.55,sensitivity,0.60331,inside_footprint,_v20260714
0.55,specificity,0.97984,inside_footprint,_v20260714
0.55,specificity,0.99467,outside_footprint,_v20260714
0.56,distance,0.16349,inside_footprint,_v20260714
0.56,distance,0.56576,outside_footprint,_v20260714
0.56,precision,0.71754,outside_footprint,_v20260714
0.56,precision,0.83281,inside_footprint,_v20260714
0.56,recall,0.24785,outside_footprint,_v20260714
0.56,recall,0.59611,inside_footprint,_v20260714
0.56,sensitivity,0.24785,outside_footprint,_v20260714
0.56,sensitivity,0.59611,inside_footprint,_v20260714
0.56,specificity,0.98082,inside_footprint,_v20260714
0.56,specificity,0.99513,outside_footprint,_v20260714
0.57,distance,0.16935,inside_footprint,_v20260714
0.57,distance,0.58042,outside_footprint,_v20260714
0.57,precision,0.7269,outside_footprint,_v20260714
0.57,precision,0.83814,inside_footprint,_v20260714
0.57,recall,0.23816,outside_footprint,_v20260714
0.57,recall,0.58888,inside_footprint,_v20260714
0.57,sensitivity,0.23816,outside_footprint,_v20260714
0.57,sensitivity,0.58888,inside_footprint,_v20260714
0.57,specificity,0.98178,inside_footprint,_v20260714
0.57,specificity,0.99553,outside_footprint,_v20260714
0.58,distance,0.17539,inside_footprint,_v20260714
0.58,distance,0.59485,outside_footprint,_v20260714
0.58,precision,0.73766,outside_footprint,_v20260714
0.58,precision,0.84331,inside_footprint,_v20260714
0.58,recall,0.22874,outside_footprint,_v20260714
0.58,recall,0.58156,inside_footprint,_v20260714
0.58,sensitivity,0.22874,outside_footprint,_v20260714
0.58,sensitivity,0.58156,inside_footprint,_v20260714
0.58,specificity,0.98268,inside_footprint,_v20260714
0.58,specificity,0.99594,outside_footprint,_v20260714
0.59,distance,0.18154,inside_footprint,_v20260714
0.59,distance,0.60905,outside_footprint,_v20260714
0.59,precision,0.74758,outside_footprint,_v20260714
0.59,precision,0.84856,inside_footprint,_v20260714
0.59,recall,0.21959,outside_footprint,_v20260714
0.59,recall,0.57424,inside_footprint,_v20260714
0.59,sensitivity,0.21959,outside_footprint,_v20260714
0.59,sensitivity,0.57424,inside_footprint,_v20260714
0.59,specificity,0.98358,inside_footprint,_v20260714
0.59,specificity,0.9963,outside_footprint,_v20260714
0.6,distance,0.1881,inside_footprint,_v20260714
0.6,distance,0.62313,outside_footprint,_v20260714
0.6,precision,0.75746,outside_footprint,_v20260714
0.6,precision,0.85355,inside_footprint,_v20260714
0.6,recall,0.21062,outside_footprint,_v20260714
0.6,recall,0.56657,inside_footprint,_v20260714
0.6,sensitivity,0.21062,outside_footprint,_v20260714
0.6,sensitivity,0.56657,inside_footprint,_v20260714
0.6,specificity,0.98442,inside_footprint,_v20260714
0.6,specificity,0.99663,outside_footprint,_v20260714
0.61,distance,0.1948,inside_footprint,_v20260714
0.61,distance,0.63685,outside_footprint,_v20260714
0.61,precision,0.76692,outside_footprint,_v20260714
0.61,precision,0.85857000000000006,inside_footprint,_v20260714
0.61,recall,0.20198,outside_footprint,_v20260714
0.61,recall,0.55889,inside_footprint,_v20260714
0.61,sensitivity,0.20198,outside_footprint,_v20260714
0.61,sensitivity,0.55889,inside_footprint,_v20260714
0.61,specificity,0.98525,inside_footprint,_v20260714
0.61,specificity,0.99693,outside_footprint,_v20260714
0.62,distance,0.20144,inside_footprint,_v20260714
0.62,distance,0.65026,outside_footprint,_v20260714
0.62,precision,0.77583,outside_footprint,_v20260714
0.62,precision,0.86341,inside_footprint,_v20260714
0.62,recall,0.19362,outside_footprint,_v20260714
0.62,recall,0.55139,inside_footprint,_v20260714
0.62,sensitivity,0.19362,outside_footprint,_v20260714
0.62,sensitivity,0.55139,inside_footprint,_v20260714
0.62,specificity,0.98602,inside_footprint,_v20260714
0.62,specificity,0.99721,outside_footprint,_v20260714
0.63,distance,0.20847,inside_footprint,_v20260714
0.63,distance,0.66379,outside_footprint,_v20260714
0.63,precision,0.78461,outside_footprint,_v20260714
0.63,precision,0.86795,inside_footprint,_v20260714
0.63,recall,0.18527,outside_footprint,_v20260714
0.63,recall,0.54361,inside_footprint,_v20260714
0.63,sensitivity,0.18527,outside_footprint,_v20260714
0.63,sensitivity,0.54361,inside_footprint,_v20260714
0.63,specificity,0.98675,inside_footprint,_v20260714
0.63,specificity,0.99746,outside_footprint,_v20260714
0.64,distance,0.21549,inside_footprint,_v20260714
0.64,distance,0.67676,outside_footprint,_v20260714
0.64,precision,0.79326,outside_footprint,_v20260714
0.64,precision,0.87248,inside_footprint,_v20260714
0.64,recall,0.17735,outside_footprint,_v20260714
0.64,recall,0.53596,inside_footprint,_v20260714
0.64,sensitivity,0.17735,outside_footprint,_v20260714
0.64,sensitivity,0.53596,inside_footprint,_v20260714
0.64,specificity,0.98745,inside_footprint,_v20260714
0.64,specificity,0.99769,outside_footprint,_v20260714
0.65,distance,0.2226,inside_footprint,_v20260714
0.65,distance,0.68956,outside_footprint,_v20260714
0.65,precision,0.80115,outside_footprint,_v20260714
0.65,precision,0.87744,inside_footprint,_v20260714
0.65,recall,0.1696,outside_footprint,_v20260714
0.65,recall,0.52835,inside_footprint,_v20260714
0.65,sensitivity,0.1696,outside_footprint,_v20260714
0.65,sensitivity,0.52835,inside_footprint,_v20260714
0.65,specificity,0.98817,inside_footprint,_v20260714
0.65,specificity,0.9979,outside_footprint,_v20260714
0.66,distance,0.2301,inside_footprint,_v20260714
0.66,distance,0.70253,outside_footprint,_v20260714
0.66,precision,0.80922,outside_footprint,_v20260714
0.66,precision,0.88187,inside_footprint,_v20260714
0.66,recall,0.16183,outside_footprint,_v20260714
0.66,recall,0.52044,inside_footprint,_v20260714
0.66,sensitivity,0.16183,outside_footprint,_v20260714
0.66,sensitivity,0.52044,inside_footprint,_v20260714
0.66,specificity,0.98883,inside_footprint,_v20260714
0.66,specificity,0.99809,outside_footprint,_v20260714
0.67,distance,0.23773,inside_footprint,_v20260714
0.67,distance,0.71517,outside_footprint,_v20260714
0.67,precision,0.81752,outside_footprint,_v20260714
0.67,precision,0.88634,inside_footprint,_v20260714
0.67,recall,0.15432,outside_footprint,_v20260714
0.67,recall,0.51253,inside_footprint,_v20260714
0.67,sensitivity,0.15432,outside_footprint,_v20260714
0.67,sensitivity,0.51253,inside_footprint,_v20260714
0.67,specificity,0.98947,inside_footprint,_v20260714
0.67,specificity,0.99828,outside_footprint,_v20260714
0.68,distance,0.2457,inside_footprint,_v20260714
0.68,distance,0.72805,outside_footprint,_v20260714
0.68,precision,0.82523,outside_footprint,_v20260714
0.68,precision,0.89052,inside_footprint,_v20260714
0.68,recall,0.14674,outside_footprint,_v20260714
0.68,recall,0.50442,inside_footprint,_v20260714
0.68,sensitivity,0.14674,outside_footprint,_v20260714
0.68,sensitivity,0.50442,inside_footprint,_v20260714
0.68,specificity,0.99006,inside_footprint,_v20260714
0.68,specificity,0.99845,outside_footprint,_v20260714
0.69,distance,0.25405,inside_footprint,_v20260714
0.69,distance,0.74063,outside_footprint,_v20260714
0.69,precision,0.83385,outside_footprint,_v20260714
0.69,precision,0.89472,inside_footprint,_v20260714
0.69,recall,0.1394,outside_footprint,_v20260714
0.69,recall,0.49605,inside_footprint,_v20260714
0.69,sensitivity,0.1394,outside_footprint,_v20260714
0.69,sensitivity,0.49605,inside_footprint,_v20260714
0.69,specificity,0.99065,inside_footprint,_v20260714
0.69,specificity,0.99861,outside_footprint,_v20260714
0.7,distance,0.26224,inside_footprint,_v20260714
0.7,distance,0.75323,outside_footprint,_v20260714
0.7,precision,0.84189,outside_footprint,_v20260714
0.7,precision,0.89884,inside_footprint,_v20260714
0.7,recall,0.13211,outside_footprint,_v20260714
0.7,recall,0.48798,inside_footprint,_v20260714
0.7,sensitivity,0.13211,outside_footprint,_v20260714
0.7,sensitivity,0.48798,inside_footprint,_v20260714
0.7,specificity,0.9912,inside_footprint,_v20260714
0.7,specificity,0.99876,outside_footprint,_v20260714
0.71,distance,0.27065,inside_footprint,_v20260714
0.71,distance,0.7658,outside_footprint,_v20260714
0.71,precision,0.85043,outside_footprint,_v20260714
0.71,precision,0.90309,inside_footprint,_v20260714
0.71,recall,0.1249,outside_footprint,_v20260714
0.71,recall,0.47983,inside_footprint,_v20260714
0.71,sensitivity,0.1249,outside_footprint,_v20260714
0.71,sensitivity,0.47983,inside_footprint,_v20260714
0.71,specificity,0.99175,inside_footprint,_v20260714
0.71,specificity,0.9989,outside_footprint,_v20260714
0.72,distance,0.27935,inside_footprint,_v20260714
0.72,distance,0.77806,outside_footprint,_v20260714
0.72,precision,0.85852,outside_footprint,_v20260714
0.72,precision,0.90729,inside_footprint,_v20260714
0.72,recall,0.11792,outside_footprint,_v20260714
0.72,recall,0.47152,inside_footprint,_v20260714
0.72,sensitivity,0.11792,outside_footprint,_v20260714
0.72,sensitivity,0.47152,inside_footprint,_v20260714
0.72,specificity,0.99228,inside_footprint,_v20260714
0.72,specificity,0.99903,outside_footprint,_v20260714
0.73,distance,0.28837,inside_footprint,_v20260714
0.73,distance,0.79003,outside_footprint,_v20260714
0.73,precision,0.8667,outside_footprint,_v20260714
0.73,precision,0.91121,inside_footprint,_v20260714
0.73,recall,0.11117,outside_footprint,_v20260714
0.73,recall,0.46304,inside_footprint,_v20260714
0.73,sensitivity,0.11117,outside_footprint,_v20260714
0.73,sensitivity,0.46304,inside_footprint,_v20260714
0.73,specificity,0.99277,inside_footprint,_v20260714
0.73,specificity,0.99915,outside_footprint,_v20260714
0.74,distance,0.29756,inside_footprint,_v20260714
0.74,distance,0.80296,outside_footprint,_v20260714
0.74,precision,0.8741,outside_footprint,_v20260714
0.74,precision,0.91525,inside_footprint,_v20260714
0.74,recall,0.10392,outside_footprint,_v20260714
0.74,recall,0.45455,inside_footprint,_v20260714
0.74,sensitivity,0.10392,outside_footprint,_v20260714
0.74,sensitivity,0.45455,inside_footprint,_v20260714
0.74,specificity,0.99325,inside_footprint,_v20260714
0.74,specificity,0.99925,outside_footprint,_v20260714
0.75,distance,0.30726,inside_footprint,_v20260714
0.75,distance,0.81503,outside_footprint,_v20260714
0.75,precision,0.88156,outside_footprint,_v20260714
0.75,precision,0.91909,inside_footprint,_v20260714
0.75,recall,0.09721,outside_footprint,_v20260714
0.75,recall,0.44573,inside_footprint,_v20260714
0.75,sensitivity,0.09721,outside_footprint,_v20260714
0.75,sensitivity,0.44573,inside_footprint,_v20260714
0.75,specificity,0.99371,inside_footprint,_v20260714
0.75,specificity,0.99935,outside_footprint,_v20260714
0.76,distance,0.31692,inside_footprint,_v20260714
0.76,distance,0.82717,outside_footprint,_v20260714
0.76,precision,0.88899,outside_footprint,_v20260714
0.76,precision,0.92316,inside_footprint,_v20260714
0.76,recall,0.09051,outside_footprint,_v20260714
0.76,recall,0.43707,inside_footprint,_v20260714
0.76,sensitivity,0.09051,outside_footprint,_v20260714
0.76,sensitivity,0.43707,inside_footprint,_v20260714
0.76,specificity,0.99417,inside_footprint,_v20260714
0.76,specificity,0.99944,outside_footprint,_v20260714
0.77,distance,0.32703,inside_footprint,_v20260714
0.77,distance,0.8396,outside_footprint,_v20260714
0.77,precision,0.8964,outside_footprint,_v20260714
0.77,precision,0.92694,inside_footprint,_v20260714
0.77,recall,0.0837,outside_footprint,_v20260714
0.77,recall,0.42816,inside_footprint,_v20260714
0.77,sensitivity,0.0837,outside_footprint,_v20260714
0.77,sensitivity,0.42816,inside_footprint,_v20260714
0.77,specificity,0.99459,inside_footprint,_v20260714
0.77,specificity,0.99952,outside_footprint,_v20260714
0.78,distance,0.33766,inside_footprint,_v20260714
0.78,distance,0.85182,outside_footprint,_v20260714
0.78,precision,0.90347,outside_footprint,_v20260714
0.78,precision,0.9308,inside_footprint,_v20260714
0.78,recall,0.07706,outside_footprint,_v20260714
0.78,recall,0.41894,inside_footprint,_v20260714
0.78,sensitivity,0.07706,outside_footprint,_v20260714
0.78,sensitivity,0.41894,inside_footprint,_v20260714
0.78,specificity,0.99501,inside_footprint,_v20260714
0.78,specificity,0.99959,outside_footprint,_v20260714
0.79,distance,0.34834,inside_footprint,_v20260714
0.79,distance,0.86435,outside_footprint,_v20260714
0.79,precision,0.90987,outside_footprint,_v20260714
0.79,precision,0.93457,inside_footprint,_v20260714
0.79,recall,0.0703,outside_footprint,_v20260714
0.79,recall,0.40981,inside_footprint,_v20260714
0.79,sensitivity,0.0703,outside_footprint,_v20260714
0.79,sensitivity,0.40981,inside_footprint,_v20260714
0.79,specificity,0.9954,inside_footprint,_v20260714
0.79,specificity,0.99965,outside_footprint,_v20260714
0.8,distance,0.35954,inside_footprint,_v20260714
0.8,distance,0.87737,outside_footprint,_v20260714
0.8,precision,0.91373,outside_footprint,_v20260714
0.8,precision,0.93806,inside_footprint,_v20260714
0.8,recall,0.06332,outside_footprint,_v20260714
0.8,recall,0.40039,inside_footprint,_v20260714
0.8,sensitivity,0.06332,outside_footprint,_v20260714
0.8,sensitivity,0.40039,inside_footprint,_v20260714
0.8,specificity,0.99576,inside_footprint,_v20260714
0.8,specificity,0.9997,outside_footprint,_v20260714
0.81,distance,0.37163,inside_footprint,_v20260714
0.81,distance,0.88879,outside_footprint,_v20260714
0.81,precision,0.92007,outside_footprint,_v20260714
0.81,precision,0.94194,inside_footprint,_v20260714
0.81,recall,0.05724,outside_footprint,_v20260714
0.81,recall,0.3904,inside_footprint,_v20260714
0.81,sensitivity,0.05724,outside_footprint,_v20260714
0.81,sensitivity,0.3904,inside_footprint,_v20260714
0.81,specificity,0.99614,inside_footprint,_v20260714
0.81,specificity,0.99975,outside_footprint,_v20260714
0.82,distance,0.38389,inside_footprint,_v20260714
0.82,distance,0.89966,outside_footprint,_v20260714
0.82,precision,0.92736,outside_footprint,_v20260714
0.82,precision,0.94543,inside_footprint,_v20260714
0.82,recall,0.0515,outside_footprint,_v20260714
0.82,recall,0.38043,inside_footprint,_v20260714
0.82,sensitivity,0.0515,outside_footprint,_v20260714
0.82,sensitivity,0.38043,inside_footprint,_v20260714
0.82,specificity,0.99648,inside_footprint,_v20260714
0.82,specificity,0.9998,outside_footprint,_v20260714
0.83,distance,0.39667,inside_footprint,_v20260714
0.83,distance,0.91014,outside_footprint,_v20260714
0.83,precision,0.93448,outside_footprint,_v20260714
0.83,precision,0.94873,inside_footprint,_v20260714
0.83,recall,0.04599,outside_footprint,_v20260714
0.83,recall,0.37019,inside_footprint,_v20260714
0.83,sensitivity,0.04599,outside_footprint,_v20260714
0.83,sensitivity,0.37019,inside_footprint,_v20260714
0.83,specificity,0.99679,inside_footprint,_v20260714
0.83,specificity,0.99984,outside_footprint,_v20260714
0.84,distance,0.41014,inside_footprint,_v20260714
0.84,distance,0.92047,outside_footprint,_v20260714
0.84,precision,0.94268,outside_footprint,_v20260714
0.84,precision,0.95218,inside_footprint,_v20260714
0.84,recall,0.04059,outside_footprint,_v20260714
0.84,recall,0.35959,inside_footprint,_v20260714
0.84,sensitivity,0.04059,outside_footprint,_v20260714
0.84,sensitivity,0.35959,inside_footprint,_v20260714
0.84,specificity,0.99711,inside_footprint,_v20260714
0.84,specificity,0.99988,outside_footprint,_v20260714
0.85,distance,0.42395,inside_footprint,_v20260714
0.85,distance,0.93027,outside_footprint,_v20260714
0.85,precision,0.94892,outside_footprint,_v20260714
0.85,precision,0.95538,inside_footprint,_v20260714
0.85,recall,0.0355,outside_footprint,_v20260714
0.85,recall,0.34889,inside_footprint,_v20260714
0.85,sensitivity,0.0355,outside_footprint,_v20260714
0.85,sensitivity,0.34889,inside_footprint,_v20260714
0.85,specificity,0.99739,inside_footprint,_v20260714
0.85,specificity,0.9999,outside_footprint,_v20260714
0.86,distance,0.43837,inside_footprint,_v20260714
0.86,distance,0.93911,outside_footprint,_v20260714
0.86,precision,0.95288,outside_footprint,_v20260714
0.86,precision,0.9587,inside_footprint,_v20260714
0.86,recall,0.03092,outside_footprint,_v20260714
0.86,recall,0.33791,inside_footprint,_v20260714
0.86,sensitivity,0.03092,outside_footprint,_v20260714
0.86,sensitivity,0.33791,inside_footprint,_v20260714
0.86,specificity,0.99767,inside_footprint,_v20260714
0.86,specificity,0.99992,outside_footprint,_v20260714
0.87,distance,0.45372,inside_footprint,_v20260714
0.87,distance,0.94735,outside_footprint,_v20260714
0.87,precision,0.95841,outside_footprint,_v20260714
0.87,precision,0.96217,inside_footprint,_v20260714
0.87,recall,0.02668,outside_footprint,_v20260714
0.87,recall,0.32642,inside_footprint,_v20260714
0.87,sensitivity,0.02668,outside_footprint,_v20260714
0.87,sensitivity,0.32642,inside_footprint,_v20260714
0.87,specificity,0.99794,inside_footprint,_v20260714
0.87,specificity,0.99994,outside_footprint,_v20260714
0.88,distance,0.47023,inside_footprint,_v20260714
0.88,distance,0.95517,outside_footprint,_v20260714
0.88,precision,0.96308,outside_footprint,_v20260714
0.88,precision,0.96541,inside_footprint,_v20260714
0.88,recall,0.02267,outside_footprint,_v20260714
0.88,recall,0.31427,inside_footprint,_v20260714
0.88,sensitivity,0.02267,outside_footprint,_v20260714
0.88,sensitivity,0.31427,inside_footprint,_v20260714
0.88,specificity,0.9982,inside_footprint,_v20260714
0.88,specificity,0.99996,outside_footprint,_v20260714
0.89,distance,0.48773,inside_footprint,_v20260714
0.89,distance,0.96143,outside_footprint,_v20260714
0.89,precision,0.96706,outside_footprint,_v20260714
0.89,precision,0.96839,inside_footprint,_v20260714
0.89,recall,0.01948,outside_footprint,_v20260714
0.89,recall,0.30162,inside_footprint,_v20260714
0.89,sensitivity,0.01948,outside_footprint,_v20260714
0.89,sensitivity,0.30162,inside_footprint,_v20260714
0.89,specificity,0.99842,inside_footprint,_v20260714
0.89,specificity,0.99997,outside_footprint,_v20260714
0.9,distance,0.50637,inside_footprint,_v20260714
0.9,distance,0.96798,outside_footprint,_v20260714
0.9,precision,0.9718,inside_footprint,_v20260714
0.9,precision,0.97437,outside_footprint,_v20260714
0.9,recall,0.01614,outside_footprint,_v20260714
0.9,recall,0.2884,inside_footprint,_v20260714
0.9,sensitivity,0.01614,outside_footprint,_v20260714
0.9,sensitivity,0.2884,inside_footprint,_v20260714
0.9,specificity,0.99866,inside_footprint,_v20260714
0.9,specificity,0.99998,outside_footprint,_v20260714
0.91,distance,0.52636,inside_footprint,_v20260714
0.91,distance,0.97368,outside_footprint,_v20260714
0.91,precision,0.9749,inside_footprint,_v20260714
0.91,precision,0.97844,outside_footprint,_v20260714
0.91,recall,0.01325,outside_footprint,_v20260714
0.91,recall,0.27449,inside_footprint,_v20260714
0.91,sensitivity,0.01325,outside_footprint,_v20260714
0.91,sensitivity,0.27449,inside_footprint,_v20260714
0.91,specificity,0.99887,inside_footprint,_v20260714
0.91,specificity,0.99999,outside_footprint,_v20260714
0.92,distance,0.54851,inside_footprint,_v20260714
0.92,distance,0.97915,outside_footprint,_v20260714
0.92,precision,0.9781,inside_footprint,_v20260714
0.92,precision,0.98319,outside_footprint,_v20260714
0.92,recall,0.01048,outside_footprint,_v20260714
0.92,recall,0.25939,inside_footprint,_v20260714
0.92,sensitivity,0.01048,outside_footprint,_v20260714
0.92,sensitivity,0.25939,inside_footprint,_v20260714
0.92,specificity,0.99907,inside_footprint,_v20260714
0.92,specificity,0.99999,outside_footprint,_v20260714
0.93,distance,0.57315,inside_footprint,_v20260714
0.93,distance,0.98375,outside_footprint,_v20260714
0.93,precision,0.98125,inside_footprint,_v20260714
0.93,precision,0.99074,outside_footprint,_v20260714
0.93,recall,0.00816,outside_footprint,_v20260714
0.93,recall,0.24293,inside_footprint,_v20260714
0.93,sensitivity,0.00816,outside_footprint,_v20260714
0.93,sensitivity,0.24293,inside_footprint,_v20260714
0.93,specificity,0.99926,inside_footprint,_v20260714
0.93,specificity,1,outside_footprint,_v20260714
0.94,distance,0.60111,inside_footprint,_v20260714
0.94,distance,0.98693,outside_footprint,_v20260714
0.94,precision,0.98404,inside_footprint,_v20260714
0.94,precision,0.99547,outside_footprint,_v20260714
0.94,recall,0.00656,outside_footprint,_v20260714
0.94,recall,0.22469,inside_footprint,_v20260714
0.94,sensitivity,0.00656,outside_footprint,_v20260714
0.94,sensitivity,0.22469,inside_footprint,_v20260714
0.94,specificity,0.99942,inside_footprint,_v20260714
0.94,specificity,1,outside_footprint,_v20260714
0.95,distance,0.63335,inside_footprint,_v20260714
0.95,distance,0.98945,outside_footprint,_v20260714
0.95,precision,0.98681,inside_footprint,_v20260714
0.95,precision,0.99812,outside_footprint,_v20260714
0.95,recall,0.00529,outside_footprint,_v20260714
0.95,recall,0.20417,inside_footprint,_v20260714
0.95,sensitivity,0.00529,outside_footprint,_v20260714
0.95,sensitivity,0.20417,inside_footprint,_v20260714
0.95,specificity,0.99956,inside_footprint,_v20260714
0.95,specificity,1,outside_footprint,_v20260714
0.96,distance,0.67201,inside_footprint,_v20260714
0.96,distance,0.992,outside_footprint,_v20260714
0.96,precision,0.98967,inside_footprint,_v20260714
0.96,precision,1,outside_footprint,_v20260714
0.96,recall,0.00401,outside_footprint,_v20260714
0.96,recall,0.18024,inside_footprint,_v20260714
0.96,sensitivity,0.00401,outside_footprint,_v20260714
0.96,sensitivity,0.18024,inside_footprint,_v20260714
0.96,specificity,0.9997,inside_footprint,_v20260714
0.96,specificity,1,outside_footprint,_v20260714
0.97,distance,0.71877,inside_footprint,_v20260714
0.97,distance,0.99579,outside_footprint,_v20260714
0.97,precision,0.99222,inside_footprint,_v20260714
0.97,precision,1,outside_footprint,_v20260714
0.97,recall,0.00211,outside_footprint,_v20260714
0.97,recall,0.1522,inside_footprint,_v20260714
0.97,sensitivity,0.00211,outside_footprint,_v20260714
0.97,sensitivity,0.1522,inside_footprint,_v20260714
0.97,specificity,0.99981,inside_footprint,_v20260714
0.97,specificity,1,outside_footprint,_v20260714
0.98,distance,0.78062,inside_footprint,_v20260714
0.98,distance,0.99864,outside_footprint,_v20260714
0.98,precision,0.99441,inside_footprint,_v20260714
0.98,precision,1,outside_footprint,_v20260714
0.98,recall,6.8e-4,outside_footprint,_v20260714
0.98,recall,0.11647,inside_footprint,_v20260714
0.98,sensitivity,6.8e-4,outside_footprint,_v20260714
0.98,sensitivity,0.11647,inside_footprint,_v20260714
0.98,specificity,0.9999,inside_footprint,_v20260714
0.98,specificity,1,outside_footprint,_v20260714
0.99,distance,0.86799,inside_footprint,_v20260714
0.99,distance,0.9998,outside_footprint,_v20260714
0.99,precision,0.99723,inside_footprint,_v20260714
0.99,precision,1,outside_footprint,_v20260714
0.99,recall,1e-4,outside_footprint,_v20260714
0.99,recall,0.06834,inside_footprint,_v20260714
0.99,sensitivity,1e-4,outside_footprint,_v20260714
0.99,sensitivity,0.06834,inside_footprint,_v20260714
0.99,specificity,0.99997,inside_footprint,_v20260714
0.99,specificity,1,outside_footprint,_v20260714
