fishing,length_size_bin,month,n_s1_detections,n_s1_detections_unmatched,length_bin_min,length_bin_max
FALSE,1,2017-01-01T00:00:00Z,2085,1907,0,25
FALSE,2,2017-01-01T00:00:00Z,3687,2270,25,50
FALSE,3,2017-01-01T00:00:00Z,11713,4058,50,75
FALSE,4,2017-01-01T00:00:00Z,17195,4385,75,100
FALSE,5,2017-01-01T00:00:00Z,13801,3356,100,125
FALSE,6,2017-01-01T00:00:00Z,12450,2771,125,150
FALSE,7,2017-01-01T00:00:00Z,10992,2204,150,175
FALSE,8,2017-01-01T00:00:00Z,10241,1953,175,200
FALSE,9,2017-01-01T00:00:00Z,5653,1009,200,225
FALSE,10,2017-01-01T00:00:00Z,9252,1830,225,Inf
TRUE,1,2017-01-01T00:00:00Z,63873,46408,0,25
TRUE,2,2017-01-01T00:00:00Z,38034,21709,25,50
TRUE,3,2017-01-01T00:00:00Z,7545,2274,50,75
TRUE,4,2017-01-01T00:00:00Z,1419,295,75,100
TRUE,5,2017-01-01T00:00:00Z,176,41,100,Inf
FALSE,1,2017-02-01T00:00:00Z,3377,3194,0,25
FALSE,2,2017-02-01T00:00:00Z,5509,3740,25,50
FALSE,3,2017-02-01T00:00:00Z,13143,5006,50,75
FALSE,4,2017-02-01T00:00:00Z,18171,5169,75,100
FALSE,5,2017-02-01T00:00:00Z,14218,3632,100,125
FALSE,6,2017-02-01T00:00:00Z,12693,3002,125,150
FALSE,7,2017-02-01T00:00:00Z,11303,2183,150,175
FALSE,8,2017-02-01T00:00:00Z,11372,2077,175,200
FALSE,9,2017-02-01T00:00:00Z,6298,1153,200,225
FALSE,10,2017-02-01T00:00:00Z,10792,2023,225,Inf
TRUE,1,2017-02-01T00:00:00Z,76980,59517,0,25
TRUE,2,2017-02-01T00:00:00Z,43881,26387,25,50
TRUE,3,2017-02-01T00:00:00Z,8555,2709,50,75
TRUE,4,2017-02-01T00:00:00Z,1601,375,75,100
TRUE,5,2017-02-01T00:00:00Z,226,89,100,Inf
FALSE,1,2017-03-01T00:00:00Z,5218,4891,0,25
FALSE,2,2017-03-01T00:00:00Z,8715,6223,25,50
FALSE,3,2017-03-01T00:00:00Z,17257,7038,50,75
FALSE,4,2017-03-01T00:00:00Z,22528,6788,75,100
FALSE,5,2017-03-01T00:00:00Z,17914,4645,100,125
FALSE,6,2017-03-01T00:00:00Z,16436,3904,125,150
FALSE,7,2017-03-01T00:00:00Z,14314,2784,150,175
FALSE,8,2017-03-01T00:00:00Z,13964,2549,175,200
FALSE,9,2017-03-01T00:00:00Z,7775,1400,200,225
FALSE,10,2017-03-01T00:00:00Z,13381,2486,225,Inf
TRUE,1,2017-03-01T00:00:00Z,116585,89189,0,25
TRUE,2,2017-03-01T00:00:00Z,54527,32108,25,50
TRUE,3,2017-03-01T00:00:00Z,9551,3028,50,75
TRUE,4,2017-03-01T00:00:00Z,1927,412,75,100
TRUE,5,2017-03-01T00:00:00Z,237,48,100,Inf
FALSE,1,2017-04-01T00:00:00Z,5530,5208,0,25
FALSE,2,2017-04-01T00:00:00Z,8784,6201,25,50
FALSE,3,2017-04-01T00:00:00Z,17269,7058,50,75
FALSE,4,2017-04-01T00:00:00Z,22840,6603,75,100
FALSE,5,2017-04-01T00:00:00Z,18308,4637,100,125
FALSE,6,2017-04-01T00:00:00Z,16886,3823,125,150
FALSE,7,2017-04-01T00:00:00Z,14099,2768,150,175
FALSE,8,2017-04-01T00:00:00Z,13805,2372,175,200
FALSE,9,2017-04-01T00:00:00Z,7575,1394,200,225
FALSE,10,2017-04-01T00:00:00Z,13533,2457,225,Inf
TRUE,1,2017-04-01T00:00:00Z,131953,100536,0,25
TRUE,2,2017-04-01T00:00:00Z,53174,29961,25,50
TRUE,3,2017-04-01T00:00:00Z,8946,2806,50,75
TRUE,4,2017-04-01T00:00:00Z,2033,450,75,100
TRUE,5,2017-04-01T00:00:00Z,274,92,100,Inf
FALSE,1,2017-05-01T00:00:00Z,5172,4848,0,25
FALSE,2,2017-05-01T00:00:00Z,9333,6456,25,50
FALSE,3,2017-05-01T00:00:00Z,18403,7322,50,75
FALSE,4,2017-05-01T00:00:00Z,24548,7068,75,100
FALSE,5,2017-05-01T00:00:00Z,20511,5090,100,125
FALSE,6,2017-05-01T00:00:00Z,18458,3997,125,150
FALSE,7,2017-05-01T00:00:00Z,15577,2833,150,175
FALSE,8,2017-05-01T00:00:00Z,15285,2508,175,200
FALSE,9,2017-05-01T00:00:00Z,8511,1410,200,225
FALSE,10,2017-05-01T00:00:00Z,14574,2522,225,Inf
TRUE,1,2017-05-01T00:00:00Z,126973,97549,0,25
TRUE,2,2017-05-01T00:00:00Z,50094,26773,25,50
TRUE,3,2017-05-01T00:00:00Z,8969,2819,50,75
TRUE,4,2017-05-01T00:00:00Z,2115,459,75,100
TRUE,5,2017-05-01T00:00:00Z,310,93,100,Inf
FALSE,1,2017-06-01T00:00:00Z,4005,3670,0,25
FALSE,2,2017-06-01T00:00:00Z,8527,5662,25,50
FALSE,3,2017-06-01T00:00:00Z,18544,7177,50,75
FALSE,4,2017-06-01T00:00:00Z,24815,6808,75,100
FALSE,5,2017-06-01T00:00:00Z,20029,4823,100,125
FALSE,6,2017-06-01T00:00:00Z,18250,3952,125,150
FALSE,7,2017-06-01T00:00:00Z,14938,2735,150,175
FALSE,8,2017-06-01T00:00:00Z,15201,2506,175,200
FALSE,9,2017-06-01T00:00:00Z,8704,1389,200,225
FALSE,10,2017-06-01T00:00:00Z,14791,2509,225,Inf
TRUE,1,2017-06-01T00:00:00Z,117544,89135,0,25
TRUE,2,2017-06-01T00:00:00Z,51095,27309,25,50
TRUE,3,2017-06-01T00:00:00Z,9749,2980,50,75
TRUE,4,2017-06-01T00:00:00Z,2413,574,75,100
TRUE,5,2017-06-01T00:00:00Z,369,105,100,Inf
FALSE,1,2017-07-01T00:00:00Z,4225,3846,0,25
FALSE,2,2017-07-01T00:00:00Z,8912,5745,25,50
FALSE,3,2017-07-01T00:00:00Z,18139,6714,50,75
FALSE,4,2017-07-01T00:00:00Z,24447,6636,75,100
FALSE,5,2017-07-01T00:00:00Z,20527,4942,100,125
FALSE,6,2017-07-01T00:00:00Z,18610,4073,125,150
FALSE,7,2017-07-01T00:00:00Z,15245,2748,150,175
FALSE,8,2017-07-01T00:00:00Z,15359,2585,175,200
FALSE,9,2017-07-01T00:00:00Z,8462,1330,200,225
FALSE,10,2017-07-01T00:00:00Z,15001,2526,225,Inf
TRUE,1,2017-07-01T00:00:00Z,122588,90204,0,25
TRUE,2,2017-07-01T00:00:00Z,52764,28396,25,50
TRUE,3,2017-07-01T00:00:00Z,9254,2737,50,75
TRUE,4,2017-07-01T00:00:00Z,2537,610,75,100
TRUE,5,2017-07-01T00:00:00Z,468,142,100,Inf
FALSE,1,2017-08-01T00:00:00Z,5083,4712,0,25
FALSE,2,2017-08-01T00:00:00Z,10056,6681,25,50
FALSE,3,2017-08-01T00:00:00Z,19437,7625,50,75
FALSE,4,2017-08-01T00:00:00Z,25567,7295,75,100
FALSE,5,2017-08-01T00:00:00Z,20790,5149,100,125
FALSE,6,2017-08-01T00:00:00Z,18849,4154,125,150
FALSE,7,2017-08-01T00:00:00Z,15805,2877,150,175
FALSE,8,2017-08-01T00:00:00Z,15816,2614,175,200
FALSE,9,2017-08-01T00:00:00Z,8949,1460,200,225
FALSE,10,2017-08-01T00:00:00Z,15258,2700,225,Inf
TRUE,1,2017-08-01T00:00:00Z,145991,107162,0,25
TRUE,2,2017-08-01T00:00:00Z,63039,34663,25,50
TRUE,3,2017-08-01T00:00:00Z,9661,3048,50,75
TRUE,4,2017-08-01T00:00:00Z,2438,536,75,100
TRUE,5,2017-08-01T00:00:00Z,489,126,100,Inf
FALSE,1,2017-09-01T00:00:00Z,5450,5085,0,25
FALSE,2,2017-09-01T00:00:00Z,10077,6937,25,50
FALSE,3,2017-09-01T00:00:00Z,19373,7571,50,75
FALSE,4,2017-09-01T00:00:00Z,25315,7248,75,100
FALSE,5,2017-09-01T00:00:00Z,20474,5048,100,125
FALSE,6,2017-09-01T00:00:00Z,18116,3929,125,150
FALSE,7,2017-09-01T00:00:00Z,15351,2754,150,175
FALSE,8,2017-09-01T00:00:00Z,15348,2595,175,200
FALSE,9,2017-09-01T00:00:00Z,8649,1385,200,225
FALSE,10,2017-09-01T00:00:00Z,14664,2508,225,Inf
TRUE,1,2017-09-01T00:00:00Z,157266,115066,0,25
TRUE,2,2017-09-01T00:00:00Z,69222,38496,25,50
TRUE,3,2017-09-01T00:00:00Z,10415,3253,50,75
TRUE,4,2017-09-01T00:00:00Z,2560,560,75,100
TRUE,5,2017-09-01T00:00:00Z,463,127,100,Inf
FALSE,1,2017-10-01T00:00:00Z,5623,5308,0,25
FALSE,2,2017-10-01T00:00:00Z,10020,6882,25,50
FALSE,3,2017-10-01T00:00:00Z,20190,7803,50,75
FALSE,4,2017-10-01T00:00:00Z,25748,7362,75,100
FALSE,5,2017-10-01T00:00:00Z,20023,5149,100,125
FALSE,6,2017-10-01T00:00:00Z,17993,3988,125,150
FALSE,7,2017-10-01T00:00:00Z,15564,2880,150,175
FALSE,8,2017-10-01T00:00:00Z,15573,2620,175,200
FALSE,9,2017-10-01T00:00:00Z,8804,1519,200,225
FALSE,10,2017-10-01T00:00:00Z,15336,2729,225,Inf
TRUE,1,2017-10-01T00:00:00Z,144265,108583,0,25
TRUE,2,2017-10-01T00:00:00Z,64033,35528,25,50
TRUE,3,2017-10-01T00:00:00Z,10729,3156,50,75
TRUE,4,2017-10-01T00:00:00Z,2480,493,75,100
TRUE,5,2017-10-01T00:00:00Z,369,107,100,Inf
FALSE,1,2017-11-01T00:00:00Z,5825,5473,0,25
FALSE,2,2017-11-01T00:00:00Z,10094,7060,25,50
FALSE,3,2017-11-01T00:00:00Z,20227,8281,50,75
FALSE,4,2017-11-01T00:00:00Z,25640,7735,75,100
FALSE,5,2017-11-01T00:00:00Z,20170,5429,100,125
FALSE,6,2017-11-01T00:00:00Z,17980,4213,125,150
FALSE,7,2017-11-01T00:00:00Z,15877,3090,150,175
FALSE,8,2017-11-01T00:00:00Z,15657,2764,175,200
FALSE,9,2017-11-01T00:00:00Z,8771,1466,200,225
FALSE,10,2017-11-01T00:00:00Z,14975,2783,225,Inf
TRUE,1,2017-11-01T00:00:00Z,133561,102269,0,25
TRUE,2,2017-11-01T00:00:00Z,64752,37488,25,50
TRUE,3,2017-11-01T00:00:00Z,10720,3341,50,75
TRUE,4,2017-11-01T00:00:00Z,2043,466,75,100
TRUE,5,2017-11-01T00:00:00Z,276,61,100,Inf
FALSE,1,2017-12-01T00:00:00Z,5555,5254,0,25
FALSE,2,2017-12-01T00:00:00Z,9371,6571,25,50
FALSE,3,2017-12-01T00:00:00Z,19563,7962,50,75
FALSE,4,2017-12-01T00:00:00Z,24488,7370,75,100
FALSE,5,2017-12-01T00:00:00Z,19065,5158,100,125
FALSE,6,2017-12-01T00:00:00Z,16889,3905,125,150
FALSE,7,2017-12-01T00:00:00Z,14985,2921,150,175
FALSE,8,2017-12-01T00:00:00Z,15018,2785,175,200
FALSE,9,2017-12-01T00:00:00Z,8578,1600,200,225
FALSE,10,2017-12-01T00:00:00Z,14747,2709,225,Inf
TRUE,1,2017-12-01T00:00:00Z,102223,81282,0,25
TRUE,2,2017-12-01T00:00:00Z,53464,32030,25,50
TRUE,3,2017-12-01T00:00:00Z,9544,2986,50,75
TRUE,4,2017-12-01T00:00:00Z,1757,411,75,100
TRUE,5,2017-12-01T00:00:00Z,257,64,100,Inf
FALSE,1,2018-01-01T00:00:00Z,5071,4783,0,25
FALSE,2,2018-01-01T00:00:00Z,8681,5895,25,50
FALSE,3,2018-01-01T00:00:00Z,18440,7222,50,75
FALSE,4,2018-01-01T00:00:00Z,23016,6864,75,100
FALSE,5,2018-01-01T00:00:00Z,17855,4537,100,125
FALSE,6,2018-01-01T00:00:00Z,16293,3745,125,150
FALSE,7,2018-01-01T00:00:00Z,14722,2689,150,175
FALSE,8,2018-01-01T00:00:00Z,15054,2630,175,200
FALSE,9,2018-01-01T00:00:00Z,8358,1471,200,225
FALSE,10,2018-01-01T00:00:00Z,14429,2509,225,Inf
TRUE,1,2018-01-01T00:00:00Z,97069,77784,0,25
TRUE,2,2018-01-01T00:00:00Z,51019,29749,25,50
TRUE,3,2018-01-01T00:00:00Z,10341,3119,50,75
TRUE,4,2018-01-01T00:00:00Z,2004,371,75,100
TRUE,5,2018-01-01T00:00:00Z,257,75,100,Inf
FALSE,1,2018-02-01T00:00:00Z,4301,4052,0,25
FALSE,2,2018-02-01T00:00:00Z,7818,5248,25,50
FALSE,3,2018-02-01T00:00:00Z,16175,6202,50,75
FALSE,4,2018-02-01T00:00:00Z,20413,5826,75,100
FALSE,5,2018-02-01T00:00:00Z,15956,3985,100,125
FALSE,6,2018-02-01T00:00:00Z,14645,3226,125,150
FALSE,7,2018-02-01T00:00:00Z,13256,2422,150,175
FALSE,8,2018-02-01T00:00:00Z,13234,2267,175,200
FALSE,9,2018-02-01T00:00:00Z,7597,1210,200,225
FALSE,10,2018-02-01T00:00:00Z,13111,2185,225,Inf
TRUE,1,2018-02-01T00:00:00Z,85281,66006,0,25
TRUE,2,2018-02-01T00:00:00Z,44687,24217,25,50
TRUE,3,2018-02-01T00:00:00Z,9697,2641,50,75
TRUE,4,2018-02-01T00:00:00Z,2110,377,75,100
TRUE,5,2018-02-01T00:00:00Z,287,67,100,Inf
FALSE,1,2018-03-01T00:00:00Z,5150,4786,0,25
FALSE,2,2018-03-01T00:00:00Z,9086,6079,25,50
FALSE,3,2018-03-01T00:00:00Z,18886,7201,50,75
FALSE,4,2018-03-01T00:00:00Z,23353,6648,75,100
FALSE,5,2018-03-01T00:00:00Z,18416,4558,100,125
FALSE,6,2018-03-01T00:00:00Z,16310,3557,125,150
FALSE,7,2018-03-01T00:00:00Z,14754,2668,150,175
FALSE,8,2018-03-01T00:00:00Z,15142,2454,175,200
FALSE,9,2018-03-01T00:00:00Z,9065,1405,200,225
FALSE,10,2018-03-01T00:00:00Z,15760,2680,225,Inf
TRUE,1,2018-03-01T00:00:00Z,128570,96412,0,25
TRUE,2,2018-03-01T00:00:00Z,51933,28189,25,50
TRUE,3,2018-03-01T00:00:00Z,9975,2768,50,75
TRUE,4,2018-03-01T00:00:00Z,2157,419,75,100
TRUE,5,2018-03-01T00:00:00Z,276,62,100,Inf
FALSE,1,2018-04-01T00:00:00Z,5759,5388,0,25
FALSE,2,2018-04-01T00:00:00Z,9569,6325,25,50
FALSE,3,2018-04-01T00:00:00Z,18675,7215,50,75
FALSE,4,2018-04-01T00:00:00Z,23184,6403,75,100
FALSE,5,2018-04-01T00:00:00Z,18690,4526,100,125
FALSE,6,2018-04-01T00:00:00Z,15474,3228,125,150
FALSE,7,2018-04-01T00:00:00Z,14194,2481,150,175
FALSE,8,2018-04-01T00:00:00Z,14757,2353,175,200
FALSE,9,2018-04-01T00:00:00Z,9219,1430,200,225
FALSE,10,2018-04-01T00:00:00Z,17253,2991,225,Inf
TRUE,1,2018-04-01T00:00:00Z,151168,112124,0,25
TRUE,2,2018-04-01T00:00:00Z,50958,27509,25,50
TRUE,3,2018-04-01T00:00:00Z,8812,2520,50,75
TRUE,4,2018-04-01T00:00:00Z,1835,361,75,100
TRUE,5,2018-04-01T00:00:00Z,274,68,100,Inf
FALSE,1,2018-05-01T00:00:00Z,5054,4603,0,25
FALSE,2,2018-05-01T00:00:00Z,9509,6162,25,50
FALSE,3,2018-05-01T00:00:00Z,19085,7078,50,75
FALSE,4,2018-05-01T00:00:00Z,23773,6401,75,100
FALSE,5,2018-05-01T00:00:00Z,18916,4430,100,125
FALSE,6,2018-05-01T00:00:00Z,16000,3314,125,150
FALSE,7,2018-05-01T00:00:00Z,14274,2417,150,175
FALSE,8,2018-05-01T00:00:00Z,15038,2324,175,200
FALSE,9,2018-05-01T00:00:00Z,9230,1433,200,225
FALSE,10,2018-05-01T00:00:00Z,17746,2795,225,Inf
TRUE,1,2018-05-01T00:00:00Z,146639,111952,0,25
TRUE,2,2018-05-01T00:00:00Z,45945,23512,25,50
TRUE,3,2018-05-01T00:00:00Z,8637,2251,50,75
TRUE,4,2018-05-01T00:00:00Z,1962,311,75,100
TRUE,5,2018-05-01T00:00:00Z,295,73,100,Inf
FALSE,1,2018-06-01T00:00:00Z,4435,3981,0,25
FALSE,2,2018-06-01T00:00:00Z,8504,5395,25,50
FALSE,3,2018-06-01T00:00:00Z,17415,6621,50,75
FALSE,4,2018-06-01T00:00:00Z,22131,6119,75,100
FALSE,5,2018-06-01T00:00:00Z,17557,4207,100,125
FALSE,6,2018-06-01T00:00:00Z,14825,3117,125,150
FALSE,7,2018-06-01T00:00:00Z,13306,2311,150,175
FALSE,8,2018-06-01T00:00:00Z,14172,2110,175,200
FALSE,9,2018-06-01T00:00:00Z,8495,1254,200,225
FALSE,10,2018-06-01T00:00:00Z,15735,2499,225,Inf
TRUE,1,2018-06-01T00:00:00Z,123283,91793,0,25
TRUE,2,2018-06-01T00:00:00Z,40884,21200,25,50
TRUE,3,2018-06-01T00:00:00Z,7711,2219,50,75
TRUE,4,2018-06-01T00:00:00Z,1731,330,75,100
TRUE,5,2018-06-01T00:00:00Z,251,65,100,Inf
FALSE,1,2018-07-01T00:00:00Z,4410,3894,0,25
FALSE,2,2018-07-01T00:00:00Z,9016,5540,25,50
FALSE,3,2018-07-01T00:00:00Z,18451,6790,50,75
FALSE,4,2018-07-01T00:00:00Z,23849,6423,75,100
FALSE,5,2018-07-01T00:00:00Z,19161,4596,100,125
FALSE,6,2018-07-01T00:00:00Z,16090,3432,125,150
FALSE,7,2018-07-01T00:00:00Z,14608,2480,150,175
FALSE,8,2018-07-01T00:00:00Z,15486,2407,175,200
FALSE,9,2018-07-01T00:00:00Z,9371,1463,200,225
FALSE,10,2018-07-01T00:00:00Z,17523,2738,225,Inf
TRUE,1,2018-07-01T00:00:00Z,135829,95743,0,25
TRUE,2,2018-07-01T00:00:00Z,44843,22763,25,50
TRUE,3,2018-07-01T00:00:00Z,7567,2253,50,75
TRUE,4,2018-07-01T00:00:00Z,1519,340,75,100
TRUE,5,2018-07-01T00:00:00Z,235,66,100,Inf
FALSE,1,2018-08-01T00:00:00Z,5049,4571,0,25
FALSE,2,2018-08-01T00:00:00Z,9454,6062,25,50
FALSE,3,2018-08-01T00:00:00Z,18715,7132,50,75
FALSE,4,2018-08-01T00:00:00Z,24278,6690,75,100
FALSE,5,2018-08-01T00:00:00Z,19270,4680,100,125
FALSE,6,2018-08-01T00:00:00Z,16436,3516,125,150
FALSE,7,2018-08-01T00:00:00Z,14635,2566,150,175
FALSE,8,2018-08-01T00:00:00Z,15610,2441,175,200
FALSE,9,2018-08-01T00:00:00Z,9332,1420,200,225
FALSE,10,2018-08-01T00:00:00Z,17336,2787,225,Inf
TRUE,1,2018-08-01T00:00:00Z,153930,110745,0,25
TRUE,2,2018-08-01T00:00:00Z,53409,29855,25,50
TRUE,3,2018-08-01T00:00:00Z,8282,2728,50,75
TRUE,4,2018-08-01T00:00:00Z,1672,419,75,100
TRUE,5,2018-08-01T00:00:00Z,296,103,100,Inf
FALSE,1,2018-09-01T00:00:00Z,7855,7373,0,25
FALSE,2,2018-09-01T00:00:00Z,10490,6999,25,50
FALSE,3,2018-09-01T00:00:00Z,19872,7600,50,75
FALSE,4,2018-09-01T00:00:00Z,25085,7046,75,100
FALSE,5,2018-09-01T00:00:00Z,19868,4837,100,125
FALSE,6,2018-09-01T00:00:00Z,16800,3597,125,150
FALSE,7,2018-09-01T00:00:00Z,14939,2703,150,175
FALSE,8,2018-09-01T00:00:00Z,15831,2564,175,200
FALSE,9,2018-09-01T00:00:00Z,9466,1488,200,225
FALSE,10,2018-09-01T00:00:00Z,17129,2790,225,Inf
TRUE,1,2018-09-01T00:00:00Z,178942,130967,0,25
TRUE,2,2018-09-01T00:00:00Z,59673,33143,25,50
TRUE,3,2018-09-01T00:00:00Z,9300,2784,50,75
TRUE,4,2018-09-01T00:00:00Z,2033,411,75,100
TRUE,5,2018-09-01T00:00:00Z,347,79,100,Inf
FALSE,1,2018-10-01T00:00:00Z,7010,6589,0,25
FALSE,2,2018-10-01T00:00:00Z,10384,6896,25,50
FALSE,3,2018-10-01T00:00:00Z,20139,7942,50,75
FALSE,4,2018-10-01T00:00:00Z,25706,7328,75,100
FALSE,5,2018-10-01T00:00:00Z,20917,5118,100,125
FALSE,6,2018-10-01T00:00:00Z,17780,3918,125,150
FALSE,7,2018-10-01T00:00:00Z,15575,2911,150,175
FALSE,8,2018-10-01T00:00:00Z,16337,2713,175,200
FALSE,9,2018-10-01T00:00:00Z,9727,1582,200,225
FALSE,10,2018-10-01T00:00:00Z,17973,2991,225,Inf
TRUE,1,2018-10-01T00:00:00Z,177260,132014,0,25
TRUE,2,2018-10-01T00:00:00Z,62435,34391,25,50
TRUE,3,2018-10-01T00:00:00Z,10588,2980,50,75
TRUE,4,2018-10-01T00:00:00Z,2299,446,75,100
TRUE,5,2018-10-01T00:00:00Z,409,92,100,Inf
FALSE,1,2018-11-01T00:00:00Z,6777,6338,0,25
FALSE,2,2018-11-01T00:00:00Z,10542,7080,25,50
FALSE,3,2018-11-01T00:00:00Z,20272,8014,50,75
FALSE,4,2018-11-01T00:00:00Z,25259,7289,75,100
FALSE,5,2018-11-01T00:00:00Z,19476,4847,100,125
FALSE,6,2018-11-01T00:00:00Z,16985,3711,125,150
FALSE,7,2018-11-01T00:00:00Z,15218,2778,150,175
FALSE,8,2018-11-01T00:00:00Z,15825,2690,175,200
FALSE,9,2018-11-01T00:00:00Z,9530,1628,200,225
FALSE,10,2018-11-01T00:00:00Z,16788,2862,225,Inf
TRUE,1,2018-11-01T00:00:00Z,162123,124781,0,25
TRUE,2,2018-11-01T00:00:00Z,60117,33896,25,50
TRUE,3,2018-11-01T00:00:00Z,10162,3131,50,75
TRUE,4,2018-11-01T00:00:00Z,2098,385,75,100
TRUE,5,2018-11-01T00:00:00Z,310,64,100,Inf
FALSE,1,2018-12-01T00:00:00Z,6174,5778,0,25
FALSE,2,2018-12-01T00:00:00Z,9866,6784,25,50
FALSE,3,2018-12-01T00:00:00Z,18968,7700,50,75
FALSE,4,2018-12-01T00:00:00Z,23424,6897,75,100
FALSE,5,2018-12-01T00:00:00Z,18154,4602,100,125
FALSE,6,2018-12-01T00:00:00Z,16198,3692,125,150
FALSE,7,2018-12-01T00:00:00Z,14794,2830,150,175
FALSE,8,2018-12-01T00:00:00Z,15588,2667,175,200
FALSE,9,2018-12-01T00:00:00Z,9338,1583,200,225
FALSE,10,2018-12-01T00:00:00Z,16589,2846,225,Inf
TRUE,1,2018-12-01T00:00:00Z,125636,98303,0,25
TRUE,2,2018-12-01T00:00:00Z,48028,27537,25,50
TRUE,3,2018-12-01T00:00:00Z,8467,2550,50,75
TRUE,4,2018-12-01T00:00:00Z,1698,301,75,100
TRUE,5,2018-12-01T00:00:00Z,219,49,100,Inf
FALSE,1,2019-01-01T00:00:00Z,5751,5354,0,25
FALSE,2,2019-01-01T00:00:00Z,9521,6371,25,50
FALSE,3,2019-01-01T00:00:00Z,18232,7604,50,75
FALSE,4,2019-01-01T00:00:00Z,22295,6762,75,100
FALSE,5,2019-01-01T00:00:00Z,17796,4655,100,125
FALSE,6,2019-01-01T00:00:00Z,15607,3569,125,150
FALSE,7,2019-01-01T00:00:00Z,14865,2970,150,175
FALSE,8,2019-01-01T00:00:00Z,16087,2837,175,200
FALSE,9,2019-01-01T00:00:00Z,9563,1651,200,225
FALSE,10,2019-01-01T00:00:00Z,17041,3042,225,Inf
TRUE,1,2019-01-01T00:00:00Z,116863,90453,0,25
TRUE,2,2019-01-01T00:00:00Z,46278,25594,25,50
TRUE,3,2019-01-01T00:00:00Z,9300,2597,50,75
TRUE,4,2019-01-01T00:00:00Z,1912,312,75,100
TRUE,5,2019-01-01T00:00:00Z,236,39,100,Inf
FALSE,1,2019-02-01T00:00:00Z,5273,4939,0,25
FALSE,2,2019-02-01T00:00:00Z,7960,5345,25,50
FALSE,3,2019-02-01T00:00:00Z,15408,6124,50,75
FALSE,4,2019-02-01T00:00:00Z,19593,5475,75,100
FALSE,5,2019-02-01T00:00:00Z,15761,3775,100,125
FALSE,6,2019-02-01T00:00:00Z,13760,2969,125,150
FALSE,7,2019-02-01T00:00:00Z,13070,2367,150,175
FALSE,8,2019-02-01T00:00:00Z,13751,2290,175,200
FALSE,9,2019-02-01T00:00:00Z,8359,1352,200,225
FALSE,10,2019-02-01T00:00:00Z,15446,2589,225,Inf
TRUE,1,2019-02-01T00:00:00Z,107851,81857,0,25
TRUE,2,2019-02-01T00:00:00Z,41034,21737,25,50
TRUE,3,2019-02-01T00:00:00Z,8217,2077,50,75
TRUE,4,2019-02-01T00:00:00Z,1683,245,75,100
TRUE,5,2019-02-01T00:00:00Z,257,52,100,Inf
FALSE,1,2019-03-01T00:00:00Z,6455,6036,0,25
FALSE,2,2019-03-01T00:00:00Z,9800,6643,25,50
FALSE,3,2019-03-01T00:00:00Z,20954,8441,50,75
FALSE,4,2019-03-01T00:00:00Z,26257,7544,75,100
FALSE,5,2019-03-01T00:00:00Z,20635,5237,100,125
FALSE,6,2019-03-01T00:00:00Z,17647,4015,125,150
FALSE,7,2019-03-01T00:00:00Z,16219,2982,150,175
FALSE,8,2019-03-01T00:00:00Z,16875,2961,175,200
FALSE,9,2019-03-01T00:00:00Z,10065,1646,200,225
FALSE,10,2019-03-01T00:00:00Z,18741,3041,225,Inf
TRUE,1,2019-03-01T00:00:00Z,153117,114193,0,25
TRUE,2,2019-03-01T00:00:00Z,58153,32170,25,50
TRUE,3,2019-03-01T00:00:00Z,10410,2833,50,75
TRUE,4,2019-03-01T00:00:00Z,2022,340,75,100
TRUE,5,2019-03-01T00:00:00Z,272,42,100,Inf
FALSE,1,2019-04-01T00:00:00Z,6032,5550,0,25
FALSE,2,2019-04-01T00:00:00Z,9653,6278,25,50
FALSE,3,2019-04-01T00:00:00Z,19624,7467,50,75
FALSE,4,2019-04-01T00:00:00Z,24823,6965,75,100
FALSE,5,2019-04-01T00:00:00Z,19841,4752,100,125
FALSE,6,2019-04-01T00:00:00Z,17087,3731,125,150
FALSE,7,2019-04-01T00:00:00Z,15156,2675,150,175
FALSE,8,2019-04-01T00:00:00Z,15954,2462,175,200
FALSE,9,2019-04-01T00:00:00Z,9786,1526,200,225
FALSE,10,2019-04-01T00:00:00Z,18133,3052,225,Inf
TRUE,1,2019-04-01T00:00:00Z,158437,113511,0,25
TRUE,2,2019-04-01T00:00:00Z,56115,29550,25,50
TRUE,3,2019-04-01T00:00:00Z,9804,2710,50,75
TRUE,4,2019-04-01T00:00:00Z,2117,359,75,100
TRUE,5,2019-04-01T00:00:00Z,350,74,100,Inf
FALSE,1,2019-05-01T00:00:00Z,5589,5042,0,25
FALSE,2,2019-05-01T00:00:00Z,9953,6212,25,50
FALSE,3,2019-05-01T00:00:00Z,20357,7558,50,75
FALSE,4,2019-05-01T00:00:00Z,26218,7106,75,100
FALSE,5,2019-05-01T00:00:00Z,21210,4927,100,125
FALSE,6,2019-05-01T00:00:00Z,17921,3845,125,150
FALSE,7,2019-05-01T00:00:00Z,15833,2812,150,175
FALSE,8,2019-05-01T00:00:00Z,16758,2764,175,200
FALSE,9,2019-05-01T00:00:00Z,10212,1562,200,225
FALSE,10,2019-05-01T00:00:00Z,19097,3209,225,Inf
TRUE,1,2019-05-01T00:00:00Z,140202,103929,0,25
TRUE,2,2019-05-01T00:00:00Z,48672,24295,25,50
TRUE,3,2019-05-01T00:00:00Z,9611,2541,50,75
TRUE,4,2019-05-01T00:00:00Z,2268,380,75,100
TRUE,5,2019-05-01T00:00:00Z,365,62,100,Inf
FALSE,1,2019-06-01T00:00:00Z,4181,3614,0,25
FALSE,2,2019-06-01T00:00:00Z,8689,5201,25,50
FALSE,3,2019-06-01T00:00:00Z,19602,7405,50,75
FALSE,4,2019-06-01T00:00:00Z,25939,6959,75,100
FALSE,5,2019-06-01T00:00:00Z,21013,4997,100,125
FALSE,6,2019-06-01T00:00:00Z,17845,3768,125,150
FALSE,7,2019-06-01T00:00:00Z,15612,2796,150,175
FALSE,8,2019-06-01T00:00:00Z,16531,2540,175,200
FALSE,9,2019-06-01T00:00:00Z,9931,1604,200,225
FALSE,10,2019-06-01T00:00:00Z,18285,3119,225,Inf
TRUE,1,2019-06-01T00:00:00Z,136936,97117,0,25
TRUE,2,2019-06-01T00:00:00Z,49016,24683,25,50
TRUE,3,2019-06-01T00:00:00Z,9147,2435,50,75
TRUE,4,2019-06-01T00:00:00Z,2189,343,75,100
TRUE,5,2019-06-01T00:00:00Z,324,63,100,Inf
FALSE,1,2019-07-01T00:00:00Z,4412,3788,0,25
FALSE,2,2019-07-01T00:00:00Z,9795,5664,25,50
FALSE,3,2019-07-01T00:00:00Z,21037,7673,50,75
FALSE,4,2019-07-01T00:00:00Z,27922,7694,75,100
FALSE,5,2019-07-01T00:00:00Z,22519,5248,100,125
FALSE,6,2019-07-01T00:00:00Z,19274,4193,125,150
FALSE,7,2019-07-01T00:00:00Z,16510,3025,150,175
FALSE,8,2019-07-01T00:00:00Z,17387,2831,175,200
FALSE,9,2019-07-01T00:00:00Z,10136,1628,200,225
FALSE,10,2019-07-01T00:00:00Z,19008,3351,225,Inf
TRUE,1,2019-07-01T00:00:00Z,141261,98832,0,25
TRUE,2,2019-07-01T00:00:00Z,49612,24685,25,50
TRUE,3,2019-07-01T00:00:00Z,9685,2614,50,75
TRUE,4,2019-07-01T00:00:00Z,2423,372,75,100
TRUE,5,2019-07-01T00:00:00Z,435,62,100,Inf
FALSE,1,2019-08-01T00:00:00Z,4860,4263,0,25
FALSE,2,2019-08-01T00:00:00Z,10312,6192,25,50
FALSE,3,2019-08-01T00:00:00Z,21667,7859,50,75
FALSE,4,2019-08-01T00:00:00Z,28070,7700,75,100
FALSE,5,2019-08-01T00:00:00Z,22614,5245,100,125
FALSE,6,2019-08-01T00:00:00Z,19373,4100,125,150
FALSE,7,2019-08-01T00:00:00Z,17187,3027,150,175
FALSE,8,2019-08-01T00:00:00Z,17380,2684,175,200
FALSE,9,2019-08-01T00:00:00Z,10551,1629,200,225
FALSE,10,2019-08-01T00:00:00Z,19361,3233,225,Inf
TRUE,1,2019-08-01T00:00:00Z,167664,115753,0,25
TRUE,2,2019-08-01T00:00:00Z,61975,32846,25,50
TRUE,3,2019-08-01T00:00:00Z,10083,3040,50,75
TRUE,4,2019-08-01T00:00:00Z,2379,445,75,100
TRUE,5,2019-08-01T00:00:00Z,374,64,100,Inf
FALSE,1,2019-09-01T00:00:00Z,6210,5663,0,25
FALSE,2,2019-09-01T00:00:00Z,10792,6796,25,50
FALSE,3,2019-09-01T00:00:00Z,21419,8156,50,75
FALSE,4,2019-09-01T00:00:00Z,27836,7683,75,100
FALSE,5,2019-09-01T00:00:00Z,21699,5225,100,125
FALSE,6,2019-09-01T00:00:00Z,18266,3965,125,150
FALSE,7,2019-09-01T00:00:00Z,16278,2931,150,175
FALSE,8,2019-09-01T00:00:00Z,17148,2854,175,200
FALSE,9,2019-09-01T00:00:00Z,10291,1617,200,225
FALSE,10,2019-09-01T00:00:00Z,18746,3225,225,Inf
TRUE,1,2019-09-01T00:00:00Z,193399,137867,0,25
TRUE,2,2019-09-01T00:00:00Z,68118,37629,25,50
TRUE,3,2019-09-01T00:00:00Z,10354,2923,50,75
TRUE,4,2019-09-01T00:00:00Z,2249,381,75,100
TRUE,5,2019-09-01T00:00:00Z,370,49,100,Inf
FALSE,1,2019-10-01T00:00:00Z,6902,6283,0,25
FALSE,2,2019-10-01T00:00:00Z,10958,6894,25,50
FALSE,3,2019-10-01T00:00:00Z,22236,8267,50,75
FALSE,4,2019-10-01T00:00:00Z,28111,7755,75,100
FALSE,5,2019-10-01T00:00:00Z,22206,5347,100,125
FALSE,6,2019-10-01T00:00:00Z,19214,4129,125,150
FALSE,7,2019-10-01T00:00:00Z,17035,3085,150,175
FALSE,8,2019-10-01T00:00:00Z,17761,2933,175,200
FALSE,9,2019-10-01T00:00:00Z,10772,1704,200,225
FALSE,10,2019-10-01T00:00:00Z,19611,3359,225,Inf
TRUE,1,2019-10-01T00:00:00Z,194206,144580,0,25
TRUE,2,2019-10-01T00:00:00Z,67773,37310,25,50
TRUE,3,2019-10-01T00:00:00Z,10894,2978,50,75
TRUE,4,2019-10-01T00:00:00Z,2361,386,75,100
TRUE,5,2019-10-01T00:00:00Z,328,38,100,Inf
FALSE,1,2019-11-01T00:00:00Z,6677,6173,0,25
FALSE,2,2019-11-01T00:00:00Z,10372,6658,25,50
FALSE,3,2019-11-01T00:00:00Z,21970,8650,50,75
FALSE,4,2019-11-01T00:00:00Z,27003,8053,75,100
FALSE,5,2019-11-01T00:00:00Z,20776,5279,100,125
FALSE,6,2019-11-01T00:00:00Z,17747,4137,125,150
FALSE,7,2019-11-01T00:00:00Z,16165,3264,150,175
FALSE,8,2019-11-01T00:00:00Z,17230,3117,175,200
FALSE,9,2019-11-01T00:00:00Z,10283,1826,200,225
FALSE,10,2019-11-01T00:00:00Z,18606,3625,225,Inf
TRUE,1,2019-11-01T00:00:00Z,174718,132715,0,25
TRUE,2,2019-11-01T00:00:00Z,66156,37595,25,50
TRUE,3,2019-11-01T00:00:00Z,10228,3177,50,75
TRUE,4,2019-11-01T00:00:00Z,1960,316,75,100
TRUE,5,2019-11-01T00:00:00Z,263,44,100,Inf
FALSE,1,2019-12-01T00:00:00Z,6975,6451,0,25
FALSE,2,2019-12-01T00:00:00Z,10167,6401,25,50
FALSE,3,2019-12-01T00:00:00Z,21713,8503,50,75
FALSE,4,2019-12-01T00:00:00Z,26726,7907,75,100
FALSE,5,2019-12-01T00:00:00Z,20753,5332,100,125
FALSE,6,2019-12-01T00:00:00Z,17916,4206,125,150
FALSE,7,2019-12-01T00:00:00Z,16706,3335,150,175
FALSE,8,2019-12-01T00:00:00Z,17390,3087,175,200
FALSE,9,2019-12-01T00:00:00Z,10454,1744,200,225
FALSE,10,2019-12-01T00:00:00Z,18732,3456,225,Inf
TRUE,1,2019-12-01T00:00:00Z,144512,113588,0,25
TRUE,2,2019-12-01T00:00:00Z,56717,33998,25,50
TRUE,3,2019-12-01T00:00:00Z,9230,2944,50,75
TRUE,4,2019-12-01T00:00:00Z,1544,268,75,100
TRUE,5,2019-12-01T00:00:00Z,197,42,100,Inf
FALSE,1,2020-01-01T00:00:00Z,5867,5432,0,25
FALSE,2,2020-01-01T00:00:00Z,9195,5527,25,50
FALSE,3,2020-01-01T00:00:00Z,21345,7732,50,75
FALSE,4,2020-01-01T00:00:00Z,24285,6761,75,100
FALSE,5,2020-01-01T00:00:00Z,16896,4134,100,125
FALSE,6,2020-01-01T00:00:00Z,15798,3571,125,150
FALSE,7,2020-01-01T00:00:00Z,16356,3122,150,175
FALSE,8,2020-01-01T00:00:00Z,16494,2832,175,200
FALSE,9,2020-01-01T00:00:00Z,9608,1621,200,225
FALSE,10,2020-01-01T00:00:00Z,19938,3592,225,Inf
TRUE,1,2020-01-01T00:00:00Z,122354,94704,0,25
TRUE,2,2020-01-01T00:00:00Z,49544,26430,25,50
TRUE,3,2020-01-01T00:00:00Z,10060,2585,50,75
TRUE,4,2020-01-01T00:00:00Z,1701,294,75,100
TRUE,5,2020-01-01T00:00:00Z,203,33,100,Inf
FALSE,1,2020-02-01T00:00:00Z,5235,4820,0,25
FALSE,2,2020-02-01T00:00:00Z,8894,5386,25,50
FALSE,3,2020-02-01T00:00:00Z,20630,7511,50,75
FALSE,4,2020-02-01T00:00:00Z,22019,5936,75,100
FALSE,5,2020-02-01T00:00:00Z,13920,3261,100,125
FALSE,6,2020-02-01T00:00:00Z,13386,2829,125,150
FALSE,7,2020-02-01T00:00:00Z,14870,2781,150,175
FALSE,8,2020-02-01T00:00:00Z,14890,2662,175,200
FALSE,9,2020-02-01T00:00:00Z,8640,1419,200,225
FALSE,10,2020-02-01T00:00:00Z,19240,3500,225,Inf
TRUE,1,2020-02-01T00:00:00Z,97418,75571,0,25
TRUE,2,2020-02-01T00:00:00Z,41123,20182,25,50
TRUE,3,2020-02-01T00:00:00Z,10361,2386,50,75
TRUE,4,2020-02-01T00:00:00Z,1804,302,75,100
TRUE,5,2020-02-01T00:00:00Z,208,42,100,Inf
FALSE,1,2020-03-01T00:00:00Z,6177,5673,0,25
FALSE,2,2020-03-01T00:00:00Z,9826,6033,25,50
FALSE,3,2020-03-01T00:00:00Z,24045,8664,50,75
FALSE,4,2020-03-01T00:00:00Z,25646,7026,75,100
FALSE,5,2020-03-01T00:00:00Z,16848,4080,100,125
FALSE,6,2020-03-01T00:00:00Z,15655,3421,125,150
FALSE,7,2020-03-01T00:00:00Z,16908,3138,150,175
FALSE,8,2020-03-01T00:00:00Z,16212,2778,175,200
FALSE,9,2020-03-01T00:00:00Z,9546,1553,200,225
FALSE,10,2020-03-01T00:00:00Z,20880,3613,225,Inf
TRUE,1,2020-03-01T00:00:00Z,129774,97398,0,25
TRUE,2,2020-03-01T00:00:00Z,57404,29837,25,50
TRUE,3,2020-03-01T00:00:00Z,11571,2951,50,75
TRUE,4,2020-03-01T00:00:00Z,1940,325,75,100
TRUE,5,2020-03-01T00:00:00Z,205,48,100,Inf
FALSE,1,2020-04-01T00:00:00Z,5253,4772,0,25
FALSE,2,2020-04-01T00:00:00Z,9444,5673,25,50
FALSE,3,2020-04-01T00:00:00Z,22283,7828,50,75
FALSE,4,2020-04-01T00:00:00Z,24523,6456,75,100
FALSE,5,2020-04-01T00:00:00Z,16774,3859,100,125
FALSE,6,2020-04-01T00:00:00Z,15253,3178,125,150
FALSE,7,2020-04-01T00:00:00Z,16745,2850,150,175
FALSE,8,2020-04-01T00:00:00Z,16335,2618,175,200
FALSE,9,2020-04-01T00:00:00Z,9294,1411,200,225
FALSE,10,2020-04-01T00:00:00Z,20725,3533,225,Inf
TRUE,1,2020-04-01T00:00:00Z,130637,93737,0,25
TRUE,2,2020-04-01T00:00:00Z,56426,28382,25,50
TRUE,3,2020-04-01T00:00:00Z,10655,2564,50,75
TRUE,4,2020-04-01T00:00:00Z,2025,315,75,100
TRUE,5,2020-04-01T00:00:00Z,251,40,100,Inf
FALSE,1,2020-05-01T00:00:00Z,4842,4348,0,25
FALSE,2,2020-05-01T00:00:00Z,8846,5241,25,50
FALSE,3,2020-05-01T00:00:00Z,22259,7761,50,75
FALSE,4,2020-05-01T00:00:00Z,25736,6793,75,100
FALSE,5,2020-05-01T00:00:00Z,17629,3933,100,125
FALSE,6,2020-05-01T00:00:00Z,16150,3383,125,150
FALSE,7,2020-05-01T00:00:00Z,17598,3029,150,175
FALSE,8,2020-05-01T00:00:00Z,17082,2728,175,200
FALSE,9,2020-05-01T00:00:00Z,9952,1586,200,225
FALSE,10,2020-05-01T00:00:00Z,21124,3594,225,Inf
TRUE,1,2020-05-01T00:00:00Z,110064,82767,0,25
TRUE,2,2020-05-01T00:00:00Z,45876,21879,25,50
TRUE,3,2020-05-01T00:00:00Z,11117,2632,50,75
TRUE,4,2020-05-01T00:00:00Z,2351,358,75,100
TRUE,5,2020-05-01T00:00:00Z,291,39,100,Inf
FALSE,1,2020-06-01T00:00:00Z,3932,3453,0,25
FALSE,2,2020-06-01T00:00:00Z,8998,5211,25,50
FALSE,3,2020-06-01T00:00:00Z,21767,7624,50,75
FALSE,4,2020-06-01T00:00:00Z,24828,6464,75,100
FALSE,5,2020-06-01T00:00:00Z,17072,3831,100,125
FALSE,6,2020-06-01T00:00:00Z,15401,3132,125,150
FALSE,7,2020-06-01T00:00:00Z,16464,2886,150,175
FALSE,8,2020-06-01T00:00:00Z,15970,2531,175,200
FALSE,9,2020-06-01T00:00:00Z,9519,1457,200,225
FALSE,10,2020-06-01T00:00:00Z,20596,3539,225,Inf
TRUE,1,2020-06-01T00:00:00Z,112603,79796,0,25
TRUE,2,2020-06-01T00:00:00Z,46628,22115,25,50
TRUE,3,2020-06-01T00:00:00Z,10302,2723,50,75
TRUE,4,2020-06-01T00:00:00Z,2179,353,75,100
TRUE,5,2020-06-01T00:00:00Z,302,27,100,Inf
FALSE,1,2020-07-01T00:00:00Z,3796,3281,0,25
FALSE,2,2020-07-01T00:00:00Z,8782,4918,25,50
FALSE,3,2020-07-01T00:00:00Z,22378,7622,50,75
FALSE,4,2020-07-01T00:00:00Z,25751,6620,75,100
FALSE,5,2020-07-01T00:00:00Z,17446,3976,100,125
FALSE,6,2020-07-01T00:00:00Z,16262,3347,125,150
FALSE,7,2020-07-01T00:00:00Z,17290,3021,150,175
FALSE,8,2020-07-01T00:00:00Z,16209,2646,175,200
FALSE,9,2020-07-01T00:00:00Z,9465,1464,200,225
FALSE,10,2020-07-01T00:00:00Z,20830,3650,225,Inf
TRUE,1,2020-07-01T00:00:00Z,124788,86105,0,25
TRUE,2,2020-07-01T00:00:00Z,49385,23903,25,50
TRUE,3,2020-07-01T00:00:00Z,10750,2747,50,75
TRUE,4,2020-07-01T00:00:00Z,2258,364,75,100
TRUE,5,2020-07-01T00:00:00Z,288,46,100,Inf
FALSE,1,2020-08-01T00:00:00Z,4433,3801,0,25
FALSE,2,2020-08-01T00:00:00Z,10264,5927,25,50
FALSE,3,2020-08-01T00:00:00Z,24377,8780,50,75
FALSE,4,2020-08-01T00:00:00Z,27435,7361,75,100
FALSE,5,2020-08-01T00:00:00Z,18389,4201,100,125
FALSE,6,2020-08-01T00:00:00Z,16669,3402,125,150
FALSE,7,2020-08-01T00:00:00Z,17809,3133,150,175
FALSE,8,2020-08-01T00:00:00Z,16787,2777,175,200
FALSE,9,2020-08-01T00:00:00Z,10085,1601,200,225
FALSE,10,2020-08-01T00:00:00Z,22004,3874,225,Inf
TRUE,1,2020-08-01T00:00:00Z,150438,102772,0,25
TRUE,2,2020-08-01T00:00:00Z,62729,32265,25,50
TRUE,3,2020-08-01T00:00:00Z,11341,3129,50,75
TRUE,4,2020-08-01T00:00:00Z,2339,380,75,100
TRUE,5,2020-08-01T00:00:00Z,334,42,100,Inf
FALSE,1,2020-09-01T00:00:00Z,5755,5143,0,25
FALSE,2,2020-09-01T00:00:00Z,10479,6203,25,50
FALSE,3,2020-09-01T00:00:00Z,24819,9134,50,75
FALSE,4,2020-09-01T00:00:00Z,27243,7368,75,100
FALSE,5,2020-09-01T00:00:00Z,17743,4257,100,125
FALSE,6,2020-09-01T00:00:00Z,16234,3355,125,150
FALSE,7,2020-09-01T00:00:00Z,17315,2959,150,175
FALSE,8,2020-09-01T00:00:00Z,16707,2713,175,200
FALSE,9,2020-09-01T00:00:00Z,9518,1492,200,225
FALSE,10,2020-09-01T00:00:00Z,21714,3695,225,Inf
TRUE,1,2020-09-01T00:00:00Z,175354,120520,0,25
TRUE,2,2020-09-01T00:00:00Z,74634,38974,25,50
TRUE,3,2020-09-01T00:00:00Z,12027,3358,50,75
TRUE,4,2020-09-01T00:00:00Z,2141,352,75,100
TRUE,5,2020-09-01T00:00:00Z,242,38,100,Inf
FALSE,1,2020-10-01T00:00:00Z,6190,5446,0,25
FALSE,2,2020-10-01T00:00:00Z,11007,6766,25,50
FALSE,3,2020-10-01T00:00:00Z,26668,9644,50,75
FALSE,4,2020-10-01T00:00:00Z,28292,7801,75,100
FALSE,5,2020-10-01T00:00:00Z,18274,4300,100,125
FALSE,6,2020-10-01T00:00:00Z,16682,3504,125,150
FALSE,7,2020-10-01T00:00:00Z,18085,3281,150,175
FALSE,8,2020-10-01T00:00:00Z,17406,2820,175,200
FALSE,9,2020-10-01T00:00:00Z,10205,1738,200,225
FALSE,10,2020-10-01T00:00:00Z,22298,4045,225,Inf
TRUE,1,2020-10-01T00:00:00Z,163791,116749,0,25
TRUE,2,2020-10-01T00:00:00Z,71380,37047,25,50
TRUE,3,2020-10-01T00:00:00Z,12878,3399,50,75
TRUE,4,2020-10-01T00:00:00Z,2359,388,75,100
TRUE,5,2020-10-01T00:00:00Z,292,43,100,Inf
FALSE,1,2020-11-01T00:00:00Z,6959,6161,0,25
FALSE,2,2020-11-01T00:00:00Z,10563,6542,25,50
FALSE,3,2020-11-01T00:00:00Z,24812,8949,50,75
FALSE,4,2020-11-01T00:00:00Z,26196,7126,75,100
FALSE,5,2020-11-01T00:00:00Z,16737,3929,100,125
FALSE,6,2020-11-01T00:00:00Z,15663,3265,125,150
FALSE,7,2020-11-01T00:00:00Z,16576,3000,150,175
FALSE,8,2020-11-01T00:00:00Z,16318,2604,175,200
FALSE,9,2020-11-01T00:00:00Z,9909,1647,200,225
FALSE,10,2020-11-01T00:00:00Z,21023,3894,225,Inf
TRUE,1,2020-11-01T00:00:00Z,153500,113392,0,25
TRUE,2,2020-11-01T00:00:00Z,65478,35191,25,50
TRUE,3,2020-11-01T00:00:00Z,11703,3066,50,75
TRUE,4,2020-11-01T00:00:00Z,1895,324,75,100
TRUE,5,2020-11-01T00:00:00Z,193,36,100,Inf
FALSE,1,2020-12-01T00:00:00Z,6525,5692,0,25
FALSE,2,2020-12-01T00:00:00Z,10117,6288,25,50
FALSE,3,2020-12-01T00:00:00Z,23463,8549,50,75
FALSE,4,2020-12-01T00:00:00Z,25081,7001,75,100
FALSE,5,2020-12-01T00:00:00Z,16253,3882,100,125
FALSE,6,2020-12-01T00:00:00Z,15060,3125,125,150
FALSE,7,2020-12-01T00:00:00Z,16428,2875,150,175
FALSE,8,2020-12-01T00:00:00Z,15788,2638,175,200
FALSE,9,2020-12-01T00:00:00Z,9459,1477,200,225
FALSE,10,2020-12-01T00:00:00Z,20826,3934,225,Inf
TRUE,1,2020-12-01T00:00:00Z,128487,98157,0,25
TRUE,2,2020-12-01T00:00:00Z,56579,31674,25,50
TRUE,3,2020-12-01T00:00:00Z,10502,2914,50,75
TRUE,4,2020-12-01T00:00:00Z,1692,309,75,100
TRUE,5,2020-12-01T00:00:00Z,123,9,100,Inf
FALSE,1,2021-01-01T00:00:00Z,5657,4856,0,25
FALSE,2,2021-01-01T00:00:00Z,9402,5639,25,50
FALSE,3,2021-01-01T00:00:00Z,21922,7614,50,75
FALSE,4,2021-01-01T00:00:00Z,23577,6141,75,100
FALSE,5,2021-01-01T00:00:00Z,15327,3450,100,125
FALSE,6,2021-01-01T00:00:00Z,14009,2790,125,150
FALSE,7,2021-01-01T00:00:00Z,15737,2704,150,175
FALSE,8,2021-01-01T00:00:00Z,15464,2479,175,200
FALSE,9,2021-01-01T00:00:00Z,9240,1521,200,225
FALSE,10,2021-01-01T00:00:00Z,20506,3800,225,Inf
TRUE,1,2021-01-01T00:00:00Z,112732,85262,0,25
TRUE,2,2021-01-01T00:00:00Z,52521,27439,25,50
TRUE,3,2021-01-01T00:00:00Z,10768,2656,50,75
TRUE,4,2021-01-01T00:00:00Z,1886,278,75,100
TRUE,5,2021-01-01T00:00:00Z,186,26,100,Inf
FALSE,1,2021-02-01T00:00:00Z,4775,4138,0,25
FALSE,2,2021-02-01T00:00:00Z,8411,4869,25,50
FALSE,3,2021-02-01T00:00:00Z,19762,6740,50,75
FALSE,4,2021-02-01T00:00:00Z,20913,5504,75,100
FALSE,5,2021-02-01T00:00:00Z,14111,3168,100,125
FALSE,6,2021-02-01T00:00:00Z,12999,2434,125,150
FALSE,7,2021-02-01T00:00:00Z,14312,2383,150,175
FALSE,8,2021-02-01T00:00:00Z,13849,2187,175,200
FALSE,9,2021-02-01T00:00:00Z,8182,1315,200,225
FALSE,10,2021-02-01T00:00:00Z,18374,3352,225,Inf
TRUE,1,2021-02-01T00:00:00Z,99481,74366,0,25
TRUE,2,2021-02-01T00:00:00Z,41997,20181,25,50
TRUE,3,2021-02-01T00:00:00Z,9480,2122,50,75
TRUE,4,2021-02-01T00:00:00Z,1669,220,75,100
TRUE,5,2021-02-01T00:00:00Z,152,19,100,Inf
FALSE,1,2021-03-01T00:00:00Z,5836,5118,0,25
FALSE,2,2021-03-01T00:00:00Z,9984,5822,25,50
FALSE,3,2021-03-01T00:00:00Z,24429,8423,50,75
FALSE,4,2021-03-01T00:00:00Z,26338,6956,75,100
FALSE,5,2021-03-01T00:00:00Z,17229,3914,100,125
FALSE,6,2021-03-01T00:00:00Z,15742,3132,125,150
FALSE,7,2021-03-01T00:00:00Z,16926,2893,150,175
FALSE,8,2021-03-01T00:00:00Z,16501,2522,175,200
FALSE,9,2021-03-01T00:00:00Z,9717,1500,200,225
FALSE,10,2021-03-01T00:00:00Z,21676,3763,225,Inf
TRUE,1,2021-03-01T00:00:00Z,140858,100540,0,25
TRUE,2,2021-03-01T00:00:00Z,58398,28897,25,50
TRUE,3,2021-03-01T00:00:00Z,11577,2730,50,75
TRUE,4,2021-03-01T00:00:00Z,1867,297,75,100
TRUE,5,2021-03-01T00:00:00Z,197,35,100,Inf
FALSE,1,2021-04-01T00:00:00Z,5581,4897,0,25
FALSE,2,2021-04-01T00:00:00Z,9883,5821,25,50
FALSE,3,2021-04-01T00:00:00Z,23397,8043,50,75
FALSE,4,2021-04-01T00:00:00Z,26239,6857,75,100
FALSE,5,2021-04-01T00:00:00Z,17279,3824,100,125
FALSE,6,2021-04-01T00:00:00Z,15802,3066,125,150
FALSE,7,2021-04-01T00:00:00Z,17363,2807,150,175
FALSE,8,2021-04-01T00:00:00Z,16553,2556,175,200
FALSE,9,2021-04-01T00:00:00Z,9657,1526,200,225
FALSE,10,2021-04-01T00:00:00Z,21481,3781,225,Inf
TRUE,1,2021-04-01T00:00:00Z,149895,105365,0,25
TRUE,2,2021-04-01T00:00:00Z,61279,30440,25,50
TRUE,3,2021-04-01T00:00:00Z,11134,2721,50,75
TRUE,4,2021-04-01T00:00:00Z,2092,326,75,100
TRUE,5,2021-04-01T00:00:00Z,217,29,100,Inf
FALSE,1,2021-05-01T00:00:00Z,4087,3540,0,25
FALSE,2,2021-05-01T00:00:00Z,9242,5121,25,50
FALSE,3,2021-05-01T00:00:00Z,24206,7660,50,75
FALSE,4,2021-05-01T00:00:00Z,27462,6824,75,100
FALSE,5,2021-05-01T00:00:00Z,18194,3954,100,125
FALSE,6,2021-05-01T00:00:00Z,17052,3276,125,150
FALSE,7,2021-05-01T00:00:00Z,17967,2916,150,175
FALSE,8,2021-05-01T00:00:00Z,17047,2542,175,200
FALSE,9,2021-05-01T00:00:00Z,9937,1498,200,225
FALSE,10,2021-05-01T00:00:00Z,22190,3851,225,Inf
TRUE,1,2021-05-01T00:00:00Z,110001,76472,0,25
TRUE,2,2021-05-01T00:00:00Z,48080,21058,25,50
TRUE,3,2021-05-01T00:00:00Z,11488,2812,50,75
TRUE,4,2021-05-01T00:00:00Z,2412,457,75,100
TRUE,5,2021-05-01T00:00:00Z,339,57,100,Inf
FALSE,1,2021-06-01T00:00:00Z,4046,3449,0,25
FALSE,2,2021-06-01T00:00:00Z,9372,5187,25,50
FALSE,3,2021-06-01T00:00:00Z,22806,7224,50,75
FALSE,4,2021-06-01T00:00:00Z,26288,6052,75,100
FALSE,5,2021-06-01T00:00:00Z,17493,3642,100,125
FALSE,6,2021-06-01T00:00:00Z,16145,2910,125,150
FALSE,7,2021-06-01T00:00:00Z,17008,2743,150,175
FALSE,8,2021-06-01T00:00:00Z,16078,2273,175,200
FALSE,9,2021-06-01T00:00:00Z,9232,1331,200,225
FALSE,10,2021-06-01T00:00:00Z,20611,3562,225,Inf
TRUE,1,2021-06-01T00:00:00Z,114775,75489,0,25
TRUE,2,2021-06-01T00:00:00Z,47309,19902,25,50
TRUE,3,2021-06-01T00:00:00Z,10505,2416,50,75
TRUE,4,2021-06-01T00:00:00Z,2312,334,75,100
TRUE,5,2021-06-01T00:00:00Z,330,44,100,Inf
FALSE,1,2021-07-01T00:00:00Z,4298,3572,0,25
FALSE,2,2021-07-01T00:00:00Z,9645,5354,25,50
FALSE,3,2021-07-01T00:00:00Z,23813,7802,50,75
FALSE,4,2021-07-01T00:00:00Z,27620,6587,75,100
FALSE,5,2021-07-01T00:00:00Z,18378,3828,100,125
FALSE,6,2021-07-01T00:00:00Z,16852,3277,125,150
FALSE,7,2021-07-01T00:00:00Z,17712,2941,150,175
FALSE,8,2021-07-01T00:00:00Z,16922,2687,175,200
FALSE,9,2021-07-01T00:00:00Z,9885,1548,200,225
FALSE,10,2021-07-01T00:00:00Z,22549,4150,225,Inf
TRUE,1,2021-07-01T00:00:00Z,116521,75185,0,25
TRUE,2,2021-07-01T00:00:00Z,47867,20814,25,50
TRUE,3,2021-07-01T00:00:00Z,10829,2602,50,75
TRUE,4,2021-07-01T00:00:00Z,2402,363,75,100
TRUE,5,2021-07-01T00:00:00Z,357,45,100,Inf
FALSE,1,2021-08-01T00:00:00Z,5688,5015,0,25
FALSE,2,2021-08-01T00:00:00Z,10618,6225,25,50
FALSE,3,2021-08-01T00:00:00Z,25217,8659,50,75
FALSE,4,2021-08-01T00:00:00Z,28145,7249,75,100
FALSE,5,2021-08-01T00:00:00Z,18238,4017,100,125
FALSE,6,2021-08-01T00:00:00Z,17037,3363,125,150
FALSE,7,2021-08-01T00:00:00Z,18111,2936,150,175
FALSE,8,2021-08-01T00:00:00Z,17438,2697,175,200
FALSE,9,2021-08-01T00:00:00Z,10029,1484,200,225
FALSE,10,2021-08-01T00:00:00Z,22729,4084,225,Inf
TRUE,1,2021-08-01T00:00:00Z,148763,103359,0,25
TRUE,2,2021-08-01T00:00:00Z,62376,31711,25,50
TRUE,3,2021-08-01T00:00:00Z,11769,3031,50,75
TRUE,4,2021-08-01T00:00:00Z,2511,371,75,100
TRUE,5,2021-08-01T00:00:00Z,361,50,100,Inf
FALSE,1,2021-09-01T00:00:00Z,6449,5776,0,25
FALSE,2,2021-09-01T00:00:00Z,10827,6260,25,50
FALSE,3,2021-09-01T00:00:00Z,25295,8892,50,75
FALSE,4,2021-09-01T00:00:00Z,27739,7211,75,100
FALSE,5,2021-09-01T00:00:00Z,18120,4026,100,125
FALSE,6,2021-09-01T00:00:00Z,16753,3328,125,150
FALSE,7,2021-09-01T00:00:00Z,18000,2947,150,175
FALSE,8,2021-09-01T00:00:00Z,16851,2573,175,200
FALSE,9,2021-09-01T00:00:00Z,9834,1559,200,225
FALSE,10,2021-09-01T00:00:00Z,22482,4256,225,Inf
TRUE,1,2021-09-01T00:00:00Z,181708,123681,0,25
TRUE,2,2021-09-01T00:00:00Z,75080,38206,25,50
TRUE,3,2021-09-01T00:00:00Z,12484,3323,50,75
TRUE,4,2021-09-01T00:00:00Z,2411,373,75,100
TRUE,5,2021-09-01T00:00:00Z,273,33,100,Inf
FALSE,1,2021-10-01T00:00:00Z,7426,6493,0,25
FALSE,2,2021-10-01T00:00:00Z,11135,6556,25,50
FALSE,3,2021-10-01T00:00:00Z,26747,9306,50,75
FALSE,4,2021-10-01T00:00:00Z,29392,7898,75,100
FALSE,5,2021-10-01T00:00:00Z,18940,4187,100,125
FALSE,6,2021-10-01T00:00:00Z,17478,3451,125,150
FALSE,7,2021-10-01T00:00:00Z,18609,3157,150,175
FALSE,8,2021-10-01T00:00:00Z,17963,2894,175,200
FALSE,9,2021-10-01T00:00:00Z,10972,1768,200,225
FALSE,10,2021-10-01T00:00:00Z,24677,4525,225,Inf
TRUE,1,2021-10-01T00:00:00Z,167651,118451,0,25
TRUE,2,2021-10-01T00:00:00Z,71807,35828,25,50
TRUE,3,2021-10-01T00:00:00Z,13461,3403,50,75
TRUE,4,2021-10-01T00:00:00Z,2503,388,75,100
TRUE,5,2021-10-01T00:00:00Z,293,29,100,Inf
FALSE,1,2021-11-01T00:00:00Z,7276,6297,0,25
FALSE,2,2021-11-01T00:00:00Z,9821,5966,25,50
FALSE,3,2021-11-01T00:00:00Z,24240,9393,50,75
FALSE,4,2021-11-01T00:00:00Z,26662,8324,75,100
FALSE,5,2021-11-01T00:00:00Z,17076,4608,100,125
FALSE,6,2021-11-01T00:00:00Z,15979,4051,125,150
FALSE,7,2021-11-01T00:00:00Z,17117,3619,150,175
FALSE,8,2021-11-01T00:00:00Z,16288,3143,175,200
FALSE,9,2021-11-01T00:00:00Z,9820,1931,200,225
FALSE,10,2021-11-01T00:00:00Z,22206,4997,225,Inf
TRUE,1,2021-11-01T00:00:00Z,145870,116143,0,25
TRUE,2,2021-11-01T00:00:00Z,63699,38424,25,50
TRUE,3,2021-11-01T00:00:00Z,11928,3550,50,75
TRUE,4,2021-11-01T00:00:00Z,1943,292,75,100
TRUE,5,2021-11-01T00:00:00Z,237,29,100,Inf
FALSE,1,2021-12-01T00:00:00Z,5811,4672,0,25
FALSE,2,2021-12-01T00:00:00Z,9438,5192,25,50
FALSE,3,2021-12-01T00:00:00Z,22704,7416,50,75
FALSE,4,2021-12-01T00:00:00Z,23833,5884,75,100
FALSE,5,2021-12-01T00:00:00Z,15403,3049,100,125
FALSE,6,2021-12-01T00:00:00Z,14210,2481,125,150
FALSE,7,2021-12-01T00:00:00Z,15273,2321,150,175
FALSE,8,2021-12-01T00:00:00Z,15289,2143,175,200
FALSE,9,2021-12-01T00:00:00Z,9242,1320,200,225
FALSE,10,2021-12-01T00:00:00Z,20892,3430,225,Inf
TRUE,1,2021-12-01T00:00:00Z,120150,82257,0,25
TRUE,2,2021-12-01T00:00:00Z,56676,25142,25,50
TRUE,3,2021-12-01T00:00:00Z,9812,2308,50,75
TRUE,4,2021-12-01T00:00:00Z,1475,196,75,100
TRUE,5,2021-12-01T00:00:00Z,135,12,100,Inf
FALSE,1,2022-01-01T00:00:00Z,5025,4235,0,25
FALSE,2,2022-01-01T00:00:00Z,7669,4433,25,50
FALSE,3,2022-01-01T00:00:00Z,14438,5206,50,75
FALSE,4,2022-01-01T00:00:00Z,14456,3979,75,100
FALSE,5,2022-01-01T00:00:00Z,9445,2129,100,125
FALSE,6,2022-01-01T00:00:00Z,8673,1638,125,150
FALSE,7,2022-01-01T00:00:00Z,10107,1615,150,175
FALSE,8,2022-01-01T00:00:00Z,10279,1382,175,200
FALSE,9,2022-01-01T00:00:00Z,6154,855,200,225
FALSE,10,2022-01-01T00:00:00Z,14073,2308,225,Inf
TRUE,1,2022-01-01T00:00:00Z,76418,58068,0,25
TRUE,2,2022-01-01T00:00:00Z,29634,13914,25,50
TRUE,3,2022-01-01T00:00:00Z,5591,1240,50,75
TRUE,4,2022-01-01T00:00:00Z,892,127,75,100
TRUE,5,2022-01-01T00:00:00Z,78,6,100,Inf
FALSE,1,2022-02-01T00:00:00Z,4681,3990,0,25
FALSE,2,2022-02-01T00:00:00Z,7205,4026,25,50
FALSE,3,2022-02-01T00:00:00Z,13446,5010,50,75
FALSE,4,2022-02-01T00:00:00Z,13603,3889,75,100
FALSE,5,2022-02-01T00:00:00Z,8645,1874,100,125
FALSE,6,2022-02-01T00:00:00Z,7983,1435,125,150
FALSE,7,2022-02-01T00:00:00Z,9446,1466,150,175
FALSE,8,2022-02-01T00:00:00Z,9421,1252,175,200
FALSE,9,2022-02-01T00:00:00Z,5751,756,200,225
FALSE,10,2022-02-01T00:00:00Z,13455,2202,225,Inf
TRUE,1,2022-02-01T00:00:00Z,68707,52585,0,25
TRUE,2,2022-02-01T00:00:00Z,26978,12195,25,50
TRUE,3,2022-02-01T00:00:00Z,5600,1184,50,75
TRUE,4,2022-02-01T00:00:00Z,878,143,75,100
TRUE,5,2022-02-01T00:00:00Z,75,12,100,Inf
FALSE,1,2022-03-01T00:00:00Z,5612,4813,0,25
FALSE,2,2022-03-01T00:00:00Z,8302,4821,25,50
FALSE,3,2022-03-01T00:00:00Z,15362,5678,50,75
FALSE,4,2022-03-01T00:00:00Z,15999,4354,75,100
FALSE,5,2022-03-01T00:00:00Z,10427,2364,100,125
FALSE,6,2022-03-01T00:00:00Z,9325,1721,125,150
FALSE,7,2022-03-01T00:00:00Z,10332,1487,150,175
FALSE,8,2022-03-01T00:00:00Z,10798,1461,175,200
FALSE,9,2022-03-01T00:00:00Z,6495,891,200,225
FALSE,10,2022-03-01T00:00:00Z,14951,2341,225,Inf
TRUE,1,2022-03-01T00:00:00Z,87723,65791,0,25
TRUE,2,2022-03-01T00:00:00Z,32188,15053,25,50
TRUE,3,2022-03-01T00:00:00Z,6433,1536,50,75
TRUE,4,2022-03-01T00:00:00Z,1186,193,75,100
TRUE,5,2022-03-01T00:00:00Z,125,27,100,Inf
FALSE,1,2022-04-01T00:00:00Z,4360,3743,0,25
FALSE,2,2022-04-01T00:00:00Z,7882,4315,25,50
FALSE,3,2022-04-01T00:00:00Z,15094,5275,50,75
FALSE,4,2022-04-01T00:00:00Z,15884,4284,75,100
FALSE,5,2022-04-01T00:00:00Z,10561,2268,100,125
FALSE,6,2022-04-01T00:00:00Z,9707,1766,125,150
FALSE,7,2022-04-01T00:00:00Z,10505,1440,150,175
FALSE,8,2022-04-01T00:00:00Z,10656,1453,175,200
FALSE,9,2022-04-01T00:00:00Z,6626,860,200,225
FALSE,10,2022-04-01T00:00:00Z,14975,2401,225,Inf
TRUE,1,2022-04-01T00:00:00Z,84891,59955,0,25
TRUE,2,2022-04-01T00:00:00Z,33200,15188,25,50
TRUE,3,2022-04-01T00:00:00Z,6068,1490,50,75
TRUE,4,2022-04-01T00:00:00Z,1073,181,75,100
TRUE,5,2022-04-01T00:00:00Z,122,14,100,Inf
FALSE,1,2022-05-01T00:00:00Z,3371,2820,0,25
FALSE,2,2022-05-01T00:00:00Z,6871,3706,25,50
FALSE,3,2022-05-01T00:00:00Z,13810,4659,50,75
FALSE,4,2022-05-01T00:00:00Z,15400,3847,75,100
FALSE,5,2022-05-01T00:00:00Z,10348,2192,100,125
FALSE,6,2022-05-01T00:00:00Z,9476,1718,125,150
FALSE,7,2022-05-01T00:00:00Z,10250,1594,150,175
FALSE,8,2022-05-01T00:00:00Z,10426,1492,175,200
FALSE,9,2022-05-01T00:00:00Z,6274,792,200,225
FALSE,10,2022-05-01T00:00:00Z,14465,2440,225,Inf
TRUE,1,2022-05-01T00:00:00Z,72020,51150,0,25
TRUE,2,2022-05-01T00:00:00Z,27753,12425,25,50
TRUE,3,2022-05-01T00:00:00Z,5902,1490,50,75
TRUE,4,2022-05-01T00:00:00Z,1162,173,75,100
TRUE,5,2022-05-01T00:00:00Z,139,22,100,Inf
FALSE,1,2022-06-01T00:00:00Z,4338,3816,0,25
FALSE,2,2022-06-01T00:00:00Z,7197,3821,25,50
FALSE,3,2022-06-01T00:00:00Z,13625,4463,50,75
FALSE,4,2022-06-01T00:00:00Z,15014,3658,75,100
FALSE,5,2022-06-01T00:00:00Z,10273,2103,100,125
FALSE,6,2022-06-01T00:00:00Z,9760,1714,125,150
FALSE,7,2022-06-01T00:00:00Z,10395,1526,150,175
FALSE,8,2022-06-01T00:00:00Z,10320,1363,175,200
FALSE,9,2022-06-01T00:00:00Z,6224,815,200,225
FALSE,10,2022-06-01T00:00:00Z,14723,2308,225,Inf
TRUE,1,2022-06-01T00:00:00Z,74791,52085,0,25
TRUE,2,2022-06-01T00:00:00Z,27183,11603,25,50
TRUE,3,2022-06-01T00:00:00Z,5982,1431,50,75
TRUE,4,2022-06-01T00:00:00Z,1254,194,75,100
TRUE,5,2022-06-01T00:00:00Z,140,15,100,Inf
FALSE,1,2022-07-01T00:00:00Z,3328,2888,0,25
FALSE,2,2022-07-01T00:00:00Z,6369,3308,25,50
FALSE,3,2022-07-01T00:00:00Z,12653,4063,50,75
FALSE,4,2022-07-01T00:00:00Z,14019,3340,75,100
FALSE,5,2022-07-01T00:00:00Z,9718,1953,100,125
FALSE,6,2022-07-01T00:00:00Z,9159,1627,125,150
FALSE,7,2022-07-01T00:00:00Z,9962,1527,150,175
FALSE,8,2022-07-01T00:00:00Z,9700,1308,175,200
FALSE,9,2022-07-01T00:00:00Z,5886,793,200,225
FALSE,10,2022-07-01T00:00:00Z,13544,2174,225,Inf
TRUE,1,2022-07-01T00:00:00Z,67873,45571,0,25
TRUE,2,2022-07-01T00:00:00Z,25020,10573,25,50
TRUE,3,2022-07-01T00:00:00Z,5281,1237,50,75
TRUE,4,2022-07-01T00:00:00Z,1222,178,75,100
TRUE,5,2022-07-01T00:00:00Z,177,16,100,Inf
FALSE,1,2022-08-01T00:00:00Z,4489,3885,0,25
FALSE,2,2022-08-01T00:00:00Z,8272,4513,25,50
FALSE,3,2022-08-01T00:00:00Z,14923,5103,50,75
FALSE,4,2022-08-01T00:00:00Z,15712,4024,75,100
FALSE,5,2022-08-01T00:00:00Z,10624,2227,100,125
FALSE,6,2022-08-01T00:00:00Z,9808,1698,125,150
FALSE,7,2022-08-01T00:00:00Z,10953,1604,150,175
FALSE,8,2022-08-01T00:00:00Z,10887,1515,175,200
FALSE,9,2022-08-01T00:00:00Z,6419,854,200,225
FALSE,10,2022-08-01T00:00:00Z,15203,2357,225,Inf
TRUE,1,2022-08-01T00:00:00Z,92927,63169,0,25
TRUE,2,2022-08-01T00:00:00Z,35461,15915,25,50
TRUE,3,2022-08-01T00:00:00Z,6339,1462,50,75
TRUE,4,2022-08-01T00:00:00Z,1369,195,75,100
TRUE,5,2022-08-01T00:00:00Z,206,31,100,Inf
FALSE,1,2022-09-01T00:00:00Z,4679,4079,0,25
FALSE,2,2022-09-01T00:00:00Z,8045,4446,25,50
FALSE,3,2022-09-01T00:00:00Z,15677,5501,50,75
FALSE,4,2022-09-01T00:00:00Z,16335,4300,75,100
FALSE,5,2022-09-01T00:00:00Z,10498,2183,100,125
FALSE,6,2022-09-01T00:00:00Z,9966,1762,125,150
FALSE,7,2022-09-01T00:00:00Z,11147,1664,150,175
FALSE,8,2022-09-01T00:00:00Z,11074,1513,175,200
FALSE,9,2022-09-01T00:00:00Z,6555,834,200,225
FALSE,10,2022-09-01T00:00:00Z,15136,2352,225,Inf
TRUE,1,2022-09-01T00:00:00Z,94698,64831,0,25
TRUE,2,2022-09-01T00:00:00Z,38251,17027,25,50
TRUE,3,2022-09-01T00:00:00Z,6505,1517,50,75
TRUE,4,2022-09-01T00:00:00Z,1326,173,75,100
TRUE,5,2022-09-01T00:00:00Z,144,26,100,Inf
FALSE,1,2022-10-01T00:00:00Z,5622,4901,0,25
FALSE,2,2022-10-01T00:00:00Z,8348,4667,25,50
FALSE,3,2022-10-01T00:00:00Z,15334,5255,50,75
FALSE,4,2022-10-01T00:00:00Z,16117,4187,75,100
FALSE,5,2022-10-01T00:00:00Z,10800,2249,100,125
FALSE,6,2022-10-01T00:00:00Z,9759,1702,125,150
FALSE,7,2022-10-01T00:00:00Z,11121,1638,150,175
FALSE,8,2022-10-01T00:00:00Z,10976,1501,175,200
FALSE,9,2022-10-01T00:00:00Z,6646,854,200,225
FALSE,10,2022-10-01T00:00:00Z,15175,2399,225,Inf
TRUE,1,2022-10-01T00:00:00Z,100291,70886,0,25
TRUE,2,2022-10-01T00:00:00Z,39750,18030,25,50
TRUE,3,2022-10-01T00:00:00Z,6610,1563,50,75
TRUE,4,2022-10-01T00:00:00Z,1233,176,75,100
TRUE,5,2022-10-01T00:00:00Z,107,12,100,Inf
FALSE,1,2022-11-01T00:00:00Z,5962,5216,0,25
FALSE,2,2022-11-01T00:00:00Z,8556,4905,25,50
FALSE,3,2022-11-01T00:00:00Z,16142,5515,50,75
FALSE,4,2022-11-01T00:00:00Z,16816,4322,75,100
FALSE,5,2022-11-01T00:00:00Z,11046,2297,100,125
FALSE,6,2022-11-01T00:00:00Z,10038,1829,125,150
FALSE,7,2022-11-01T00:00:00Z,11675,1698,150,175
FALSE,8,2022-11-01T00:00:00Z,11398,1522,175,200
FALSE,9,2022-11-01T00:00:00Z,6832,866,200,225
FALSE,10,2022-11-01T00:00:00Z,15561,2422,225,Inf
TRUE,1,2022-11-01T00:00:00Z,99377,70694,0,25
TRUE,2,2022-11-01T00:00:00Z,40676,18461,25,50
TRUE,3,2022-11-01T00:00:00Z,6728,1680,50,75
TRUE,4,2022-11-01T00:00:00Z,1113,176,75,100
TRUE,5,2022-11-01T00:00:00Z,111,12,100,Inf
FALSE,1,2022-12-01T00:00:00Z,5144,4399,0,25
FALSE,2,2022-12-01T00:00:00Z,7985,4324,25,50
FALSE,3,2022-12-01T00:00:00Z,15199,5242,50,75
FALSE,4,2022-12-01T00:00:00Z,15954,4132,75,100
FALSE,5,2022-12-01T00:00:00Z,10372,2154,100,125
FALSE,6,2022-12-01T00:00:00Z,10092,1738,125,150
FALSE,7,2022-12-01T00:00:00Z,11535,1732,150,175
FALSE,8,2022-12-01T00:00:00Z,11689,1531,175,200
FALSE,9,2022-12-01T00:00:00Z,7080,886,200,225
FALSE,10,2022-12-01T00:00:00Z,15464,2299,225,Inf
TRUE,1,2022-12-01T00:00:00Z,76792,57508,0,25
TRUE,2,2022-12-01T00:00:00Z,29737,13773,25,50
TRUE,3,2022-12-01T00:00:00Z,6054,1444,50,75
TRUE,4,2022-12-01T00:00:00Z,993,140,75,100
TRUE,5,2022-12-01T00:00:00Z,104,10,100,Inf
FALSE,1,2023-01-01T00:00:00Z,4468,3759,0,25
FALSE,2,2023-01-01T00:00:00Z,7672,4086,25,50
FALSE,3,2023-01-01T00:00:00Z,14492,4802,50,75
FALSE,4,2023-01-01T00:00:00Z,14797,3822,75,100
FALSE,5,2023-01-01T00:00:00Z,9752,2025,100,125
FALSE,6,2023-01-01T00:00:00Z,9554,1583,125,150
FALSE,7,2023-01-01T00:00:00Z,11170,1578,150,175
FALSE,8,2023-01-01T00:00:00Z,11604,1522,175,200
FALSE,9,2023-01-01T00:00:00Z,7145,936,200,225
FALSE,10,2023-01-01T00:00:00Z,15929,2421,225,Inf
TRUE,1,2023-01-01T00:00:00Z,68034,51047,0,25
TRUE,2,2023-01-01T00:00:00Z,27201,12284,25,50
TRUE,3,2023-01-01T00:00:00Z,5939,1292,50,75
TRUE,4,2023-01-01T00:00:00Z,1033,153,75,100
TRUE,5,2023-01-01T00:00:00Z,105,10,100,Inf
FALSE,1,2023-02-01T00:00:00Z,3731,3128,0,25
FALSE,2,2023-02-01T00:00:00Z,6308,3357,25,50
FALSE,3,2023-02-01T00:00:00Z,12220,4115,50,75
FALSE,4,2023-02-01T00:00:00Z,12692,3144,75,100
FALSE,5,2023-02-01T00:00:00Z,8375,1752,100,125
FALSE,6,2023-02-01T00:00:00Z,8172,1456,125,150
FALSE,7,2023-02-01T00:00:00Z,9507,1339,150,175
FALSE,8,2023-02-01T00:00:00Z,9718,1274,175,200
FALSE,9,2023-02-01T00:00:00Z,5912,747,200,225
FALSE,10,2023-02-01T00:00:00Z,13173,1978,225,Inf
TRUE,1,2023-02-01T00:00:00Z,65448,47734,0,25
TRUE,2,2023-02-01T00:00:00Z,25169,11119,25,50
TRUE,3,2023-02-01T00:00:00Z,5097,1046,50,75
TRUE,4,2023-02-01T00:00:00Z,840,123,75,100
TRUE,5,2023-02-01T00:00:00Z,77,6,100,Inf
FALSE,1,2023-03-01T00:00:00Z,4986,4313,0,25
FALSE,2,2023-03-01T00:00:00Z,7904,4233,25,50
FALSE,3,2023-03-01T00:00:00Z,15146,5093,50,75
FALSE,4,2023-03-01T00:00:00Z,15708,3900,75,100
FALSE,5,2023-03-01T00:00:00Z,10627,2136,100,125
FALSE,6,2023-03-01T00:00:00Z,10036,1714,125,150
FALSE,7,2023-03-01T00:00:00Z,11348,1608,150,175
FALSE,8,2023-03-01T00:00:00Z,11575,1498,175,200
FALSE,9,2023-03-01T00:00:00Z,7075,891,200,225
FALSE,10,2023-03-01T00:00:00Z,15743,2381,225,Inf
TRUE,1,2023-03-01T00:00:00Z,89953,62815,0,25
TRUE,2,2023-03-01T00:00:00Z,34899,15163,25,50
TRUE,3,2023-03-01T00:00:00Z,6343,1379,50,75
TRUE,4,2023-03-01T00:00:00Z,1064,154,75,100
TRUE,5,2023-03-01T00:00:00Z,112,8,100,Inf
FALSE,1,2023-04-01T00:00:00Z,3445,2909,0,25
FALSE,2,2023-04-01T00:00:00Z,6469,3365,25,50
FALSE,3,2023-04-01T00:00:00Z,12862,4200,50,75
FALSE,4,2023-04-01T00:00:00Z,14033,3481,75,100
FALSE,5,2023-04-01T00:00:00Z,9293,1890,100,125
FALSE,6,2023-04-01T00:00:00Z,8920,1525,125,150
FALSE,7,2023-04-01T00:00:00Z,9977,1431,150,175
FALSE,8,2023-04-01T00:00:00Z,10002,1337,175,200
FALSE,9,2023-04-01T00:00:00Z,6135,791,200,225
FALSE,10,2023-04-01T00:00:00Z,13419,1992,225,Inf
TRUE,1,2023-04-01T00:00:00Z,79330,52862,0,25
TRUE,2,2023-04-01T00:00:00Z,32474,14398,25,50
TRUE,3,2023-04-01T00:00:00Z,5382,1286,50,75
TRUE,4,2023-04-01T00:00:00Z,1058,142,75,100
TRUE,5,2023-04-01T00:00:00Z,133,16,100,Inf
FALSE,1,2023-05-01T00:00:00Z,3527,2944,0,25
FALSE,2,2023-05-01T00:00:00Z,7030,3674,25,50
FALSE,3,2023-05-01T00:00:00Z,14314,4765,50,75
FALSE,4,2023-05-01T00:00:00Z,15184,3681,75,100
FALSE,5,2023-05-01T00:00:00Z,10585,2146,100,125
FALSE,6,2023-05-01T00:00:00Z,9785,1664,125,150
FALSE,7,2023-05-01T00:00:00Z,11117,1546,150,175
FALSE,8,2023-05-01T00:00:00Z,11416,1487,175,200
FALSE,9,2023-05-01T00:00:00Z,6839,810,200,225
FALSE,10,2023-05-01T00:00:00Z,15032,2331,225,Inf
TRUE,1,2023-05-01T00:00:00Z,74223,53163,0,25
TRUE,2,2023-05-01T00:00:00Z,27068,12158,25,50
TRUE,3,2023-05-01T00:00:00Z,5635,1301,50,75
TRUE,4,2023-05-01T00:00:00Z,1108,158,75,100
TRUE,5,2023-05-01T00:00:00Z,120,25,100,Inf
FALSE,1,2023-06-01T00:00:00Z,3446,2917,0,25
FALSE,2,2023-06-01T00:00:00Z,6925,3685,25,50
FALSE,3,2023-06-01T00:00:00Z,12980,4433,50,75
FALSE,4,2023-06-01T00:00:00Z,13832,3499,75,100
FALSE,5,2023-06-01T00:00:00Z,9389,1993,100,125
FALSE,6,2023-06-01T00:00:00Z,8927,1506,125,150
FALSE,7,2023-06-01T00:00:00Z,9798,1400,150,175
FALSE,8,2023-06-01T00:00:00Z,10134,1319,175,200
FALSE,9,2023-06-01T00:00:00Z,5740,727,200,225
FALSE,10,2023-06-01T00:00:00Z,13215,1998,225,Inf
TRUE,1,2023-06-01T00:00:00Z,65136,44607,0,25
TRUE,2,2023-06-01T00:00:00Z,23655,10284,25,50
TRUE,3,2023-06-01T00:00:00Z,4886,1144,50,75
TRUE,4,2023-06-01T00:00:00Z,920,154,75,100
TRUE,5,2023-06-01T00:00:00Z,117,19,100,Inf
FALSE,1,2023-07-01T00:00:00Z,3736,3080,0,25
FALSE,2,2023-07-01T00:00:00Z,7180,3657,25,50
FALSE,3,2023-07-01T00:00:00Z,13431,4349,50,75
FALSE,4,2023-07-01T00:00:00Z,14411,3644,75,100
FALSE,5,2023-07-01T00:00:00Z,10067,2141,100,125
FALSE,6,2023-07-01T00:00:00Z,9325,1635,125,150
FALSE,7,2023-07-01T00:00:00Z,10567,1495,150,175
FALSE,8,2023-07-01T00:00:00Z,10665,1475,175,200
FALSE,9,2023-07-01T00:00:00Z,6340,782,200,225
FALSE,10,2023-07-01T00:00:00Z,14387,2198,225,Inf
TRUE,1,2023-07-01T00:00:00Z,68820,47363,0,25
TRUE,2,2023-07-01T00:00:00Z,24747,10814,25,50
TRUE,3,2023-07-01T00:00:00Z,5122,1297,50,75
TRUE,4,2023-07-01T00:00:00Z,1001,175,75,100
TRUE,5,2023-07-01T00:00:00Z,179,17,100,Inf
FALSE,1,2023-08-01T00:00:00Z,3091,2541,0,25
FALSE,2,2023-08-01T00:00:00Z,7426,3869,25,50
FALSE,3,2023-08-01T00:00:00Z,12994,4295,50,75
FALSE,4,2023-08-01T00:00:00Z,15979,4048,75,100
FALSE,5,2023-08-01T00:00:00Z,12823,2718,100,125
FALSE,6,2023-08-01T00:00:00Z,11655,2138,125,150
FALSE,7,2023-08-01T00:00:00Z,11001,1663,150,175
FALSE,8,2023-08-01T00:00:00Z,12250,1563,175,200
FALSE,9,2023-08-01T00:00:00Z,7486,984,200,225
FALSE,10,2023-08-01T00:00:00Z,14574,2245,225,Inf
TRUE,1,2023-08-01T00:00:00Z,74761,47011,0,25
TRUE,2,2023-08-01T00:00:00Z,34138,14853,25,50
TRUE,3,2023-08-01T00:00:00Z,5372,1321,50,75
TRUE,4,2023-08-01T00:00:00Z,1312,172,75,100
TRUE,5,2023-08-01T00:00:00Z,224,22,100,Inf
FALSE,1,2023-09-01T00:00:00Z,3320,2720,0,25
FALSE,2,2023-09-01T00:00:00Z,7173,3571,25,50
FALSE,3,2023-09-01T00:00:00Z,13038,4416,50,75
FALSE,4,2023-09-01T00:00:00Z,16095,4060,75,100
FALSE,5,2023-09-01T00:00:00Z,13226,2779,100,125
FALSE,6,2023-09-01T00:00:00Z,12014,2122,125,150
FALSE,7,2023-09-01T00:00:00Z,10979,1613,150,175
FALSE,8,2023-09-01T00:00:00Z,12465,1649,175,200
FALSE,9,2023-09-01T00:00:00Z,7906,983,200,225
FALSE,10,2023-09-01T00:00:00Z,15127,2272,225,Inf
TRUE,1,2023-09-01T00:00:00Z,82820,51121,0,25
TRUE,2,2023-09-01T00:00:00Z,37123,15729,25,50
TRUE,3,2023-09-01T00:00:00Z,5759,1312,50,75
TRUE,4,2023-09-01T00:00:00Z,1402,182,75,100
TRUE,5,2023-09-01T00:00:00Z,221,28,100,Inf
FALSE,1,2023-10-01T00:00:00Z,6047,4054,0,25
FALSE,2,2023-10-01T00:00:00Z,7215,3508,25,50
FALSE,3,2023-10-01T00:00:00Z,9388,3163,50,75
FALSE,4,2023-10-01T00:00:00Z,11317,3003,75,100
FALSE,5,2023-10-01T00:00:00Z,9298,1978,100,125
FALSE,6,2023-10-01T00:00:00Z,8603,1624,125,150
FALSE,7,2023-10-01T00:00:00Z,7641,1174,150,175
FALSE,8,2023-10-01T00:00:00Z,8481,1110,175,200
FALSE,9,2023-10-01T00:00:00Z,5210,676,200,225
FALSE,10,2023-10-01T00:00:00Z,9796,1446,225,Inf
TRUE,1,2023-10-01T00:00:00Z,58077,36045,0,25
TRUE,2,2023-10-01T00:00:00Z,27527,11815,25,50
TRUE,3,2023-10-01T00:00:00Z,3584,895,50,75
TRUE,4,2023-10-01T00:00:00Z,776,107,75,100
TRUE,5,2023-10-01T00:00:00Z,108,14,100,Inf
FALSE,1,2023-11-01T00:00:00Z,12150,9146,0,25
FALSE,2,2023-11-01T00:00:00Z,10484,5272,25,50
FALSE,3,2023-11-01T00:00:00Z,12682,4309,50,75
FALSE,4,2023-11-01T00:00:00Z,15335,3987,75,100
FALSE,5,2023-11-01T00:00:00Z,12369,2681,100,125
FALSE,6,2023-11-01T00:00:00Z,11189,2072,125,150
FALSE,7,2023-11-01T00:00:00Z,10681,1617,150,175
FALSE,8,2023-11-01T00:00:00Z,12058,1625,175,200
FALSE,9,2023-11-01T00:00:00Z,7569,1002,200,225
FALSE,10,2023-11-01T00:00:00Z,13708,1980,225,Inf
TRUE,1,2023-11-01T00:00:00Z,58625,39049,0,25
TRUE,2,2023-11-01T00:00:00Z,28282,12587,25,50
TRUE,3,2023-11-01T00:00:00Z,4520,1126,50,75
TRUE,4,2023-11-01T00:00:00Z,889,121,75,100
TRUE,5,2023-11-01T00:00:00Z,142,15,100,Inf
FALSE,1,2023-12-01T00:00:00Z,4107,3412,0,25
FALSE,2,2023-12-01T00:00:00Z,6814,3494,25,50
FALSE,3,2023-12-01T00:00:00Z,12165,3941,50,75
FALSE,4,2023-12-01T00:00:00Z,15212,3747,75,100
FALSE,5,2023-12-01T00:00:00Z,12676,2553,100,125
FALSE,6,2023-12-01T00:00:00Z,11673,2164,125,150
FALSE,7,2023-12-01T00:00:00Z,11365,1733,150,175
FALSE,8,2023-12-01T00:00:00Z,12707,1684,175,200
FALSE,9,2023-12-01T00:00:00Z,7859,1031,200,225
FALSE,10,2023-12-01T00:00:00Z,14585,2145,225,Inf
TRUE,1,2023-12-01T00:00:00Z,62956,41490,0,25
TRUE,2,2023-12-01T00:00:00Z,30273,13298,25,50
TRUE,3,2023-12-01T00:00:00Z,4862,1154,50,75
TRUE,4,2023-12-01T00:00:00Z,894,155,75,100
TRUE,5,2023-12-01T00:00:00Z,114,21,100,Inf
FALSE,1,2024-01-01T00:00:00Z,3422,2822,0,25
FALSE,2,2024-01-01T00:00:00Z,6753,3435,25,50
FALSE,3,2024-01-01T00:00:00Z,12074,3829,50,75
FALSE,4,2024-01-01T00:00:00Z,14621,3499,75,100
FALSE,5,2024-01-01T00:00:00Z,12590,2567,100,125
FALSE,6,2024-01-01T00:00:00Z,11365,2036,125,150
FALSE,7,2024-01-01T00:00:00Z,11038,1616,150,175
FALSE,8,2024-01-01T00:00:00Z,12436,1584,175,200
FALSE,9,2024-01-01T00:00:00Z,7711,998,200,225
FALSE,10,2024-01-01T00:00:00Z,14025,2042,225,Inf
TRUE,1,2024-01-01T00:00:00Z,55680,38507,0,25
TRUE,2,2024-01-01T00:00:00Z,25131,11095,25,50
TRUE,3,2024-01-01T00:00:00Z,4910,1054,50,75
TRUE,4,2024-01-01T00:00:00Z,1098,148,75,100
TRUE,5,2024-01-01T00:00:00Z,125,18,100,Inf
FALSE,1,2024-02-01T00:00:00Z,3247,2737,0,25
FALSE,2,2024-02-01T00:00:00Z,5867,2999,25,50
FALSE,3,2024-02-01T00:00:00Z,10569,3383,50,75
FALSE,4,2024-02-01T00:00:00Z,13019,3174,75,100
FALSE,5,2024-02-01T00:00:00Z,10931,2270,100,125
FALSE,6,2024-02-01T00:00:00Z,10257,1802,125,150
FALSE,7,2024-02-01T00:00:00Z,9770,1427,150,175
FALSE,8,2024-02-01T00:00:00Z,10904,1416,175,200
FALSE,9,2024-02-01T00:00:00Z,6610,836,200,225
FALSE,10,2024-02-01T00:00:00Z,12309,1791,225,Inf
TRUE,1,2024-02-01T00:00:00Z,49861,34986,0,25
TRUE,2,2024-02-01T00:00:00Z,22777,9835,25,50
TRUE,3,2024-02-01T00:00:00Z,4820,1038,50,75
TRUE,4,2024-02-01T00:00:00Z,1075,125,75,100
TRUE,5,2024-02-01T00:00:00Z,145,10,100,Inf
FALSE,1,2024-03-01T00:00:00Z,3652,2985,0,25
FALSE,2,2024-03-01T00:00:00Z,7424,3817,25,50
FALSE,3,2024-03-01T00:00:00Z,12992,4078,50,75
FALSE,4,2024-03-01T00:00:00Z,15549,3819,75,100
FALSE,5,2024-03-01T00:00:00Z,13381,2789,100,125
FALSE,6,2024-03-01T00:00:00Z,12365,2317,125,150
FALSE,7,2024-03-01T00:00:00Z,11572,1746,150,175
FALSE,8,2024-03-01T00:00:00Z,12730,1739,175,200
FALSE,9,2024-03-01T00:00:00Z,7881,1037,200,225
FALSE,10,2024-03-01T00:00:00Z,14392,2120,225,Inf
TRUE,1,2024-03-01T00:00:00Z,69182,45167,0,25
TRUE,2,2024-03-01T00:00:00Z,31281,13220,25,50
TRUE,3,2024-03-01T00:00:00Z,5611,1237,50,75
TRUE,4,2024-03-01T00:00:00Z,1300,168,75,100
TRUE,5,2024-03-01T00:00:00Z,178,26,100,Inf
FALSE,1,2024-04-01T00:00:00Z,2650,2067,0,25
FALSE,2,2024-04-01T00:00:00Z,6468,2964,25,50
FALSE,3,2024-04-01T00:00:00Z,11779,3616,50,75
FALSE,4,2024-04-01T00:00:00Z,14597,3468,75,100
FALSE,5,2024-04-01T00:00:00Z,12835,2610,100,125
FALSE,6,2024-04-01T00:00:00Z,11614,2061,125,150
FALSE,7,2024-04-01T00:00:00Z,10742,1610,150,175
FALSE,8,2024-04-01T00:00:00Z,11875,1561,175,200
FALSE,9,2024-04-01T00:00:00Z,7576,988,200,225
FALSE,10,2024-04-01T00:00:00Z,14202,2114,225,Inf
TRUE,1,2024-04-01T00:00:00Z,68083,42474,0,25
TRUE,2,2024-04-01T00:00:00Z,32159,13793,25,50
TRUE,3,2024-04-01T00:00:00Z,5087,1136,50,75
TRUE,4,2024-04-01T00:00:00Z,1126,134,75,100
TRUE,5,2024-04-01T00:00:00Z,141,15,100,Inf
FALSE,1,2024-05-01T00:00:00Z,2653,2073,0,25
FALSE,2,2024-05-01T00:00:00Z,6806,3156,25,50
FALSE,3,2024-05-01T00:00:00Z,12076,3708,50,75
FALSE,4,2024-05-01T00:00:00Z,15038,3657,75,100
FALSE,5,2024-05-01T00:00:00Z,12915,2764,100,125
FALSE,6,2024-05-01T00:00:00Z,11601,2326,125,150
FALSE,7,2024-05-01T00:00:00Z,10805,1683,150,175
FALSE,8,2024-05-01T00:00:00Z,12159,1726,175,200
FALSE,9,2024-05-01T00:00:00Z,7719,1101,200,225
FALSE,10,2024-05-01T00:00:00Z,14196,2214,225,Inf
TRUE,1,2024-05-01T00:00:00Z,59027,38891,0,25
TRUE,2,2024-05-01T00:00:00Z,24981,10451,25,50
TRUE,3,2024-05-01T00:00:00Z,4888,1051,50,75
TRUE,4,2024-05-01T00:00:00Z,1186,157,75,100
TRUE,5,2024-05-01T00:00:00Z,167,18,100,Inf
FALSE,1,2024-06-01T00:00:00Z,2472,1925,0,25
FALSE,2,2024-06-01T00:00:00Z,6654,3077,25,50
FALSE,3,2024-06-01T00:00:00Z,11625,3619,50,75
FALSE,4,2024-06-01T00:00:00Z,14754,3597,75,100
FALSE,5,2024-06-01T00:00:00Z,12554,2724,100,125
FALSE,6,2024-06-01T00:00:00Z,11295,2192,125,150
FALSE,7,2024-06-01T00:00:00Z,10584,1645,150,175
FALSE,8,2024-06-01T00:00:00Z,11710,1723,175,200
FALSE,9,2024-06-01T00:00:00Z,7503,1019,200,225
FALSE,10,2024-06-01T00:00:00Z,13470,2068,225,Inf
TRUE,1,2024-06-01T00:00:00Z,52726,32221,0,25
TRUE,2,2024-06-01T00:00:00Z,24119,9501,25,50
TRUE,3,2024-06-01T00:00:00Z,4779,1082,50,75
TRUE,4,2024-06-01T00:00:00Z,1300,158,75,100
TRUE,5,2024-06-01T00:00:00Z,210,33,100,Inf
FALSE,1,2024-07-01T00:00:00Z,3347,2691,0,25
FALSE,2,2024-07-01T00:00:00Z,7294,3533,25,50
FALSE,3,2024-07-01T00:00:00Z,12171,3934,50,75
FALSE,4,2024-07-01T00:00:00Z,15442,3967,75,100
FALSE,5,2024-07-01T00:00:00Z,13198,2982,100,125
FALSE,6,2024-07-01T00:00:00Z,11754,2264,125,150
FALSE,7,2024-07-01T00:00:00Z,10825,1715,150,175
FALSE,8,2024-07-01T00:00:00Z,12117,1654,175,200
FALSE,9,2024-07-01T00:00:00Z,7501,1029,200,225
FALSE,10,2024-07-01T00:00:00Z,13994,2207,225,Inf
TRUE,1,2024-07-01T00:00:00Z,57726,35434,0,25
TRUE,2,2024-07-01T00:00:00Z,24672,9806,25,50
TRUE,3,2024-07-01T00:00:00Z,4717,1072,50,75
TRUE,4,2024-07-01T00:00:00Z,1235,175,75,100
TRUE,5,2024-07-01T00:00:00Z,190,33,100,Inf
FALSE,1,2024-08-01T00:00:00Z,3770,3096,0,25
FALSE,2,2024-08-01T00:00:00Z,7723,3622,25,50
FALSE,3,2024-08-01T00:00:00Z,13368,4184,50,75
FALSE,4,2024-08-01T00:00:00Z,16555,4158,75,100
FALSE,5,2024-08-01T00:00:00Z,14113,3010,100,125
FALSE,6,2024-08-01T00:00:00Z,12838,2382,125,150
FALSE,7,2024-08-01T00:00:00Z,11324,1751,150,175
FALSE,8,2024-08-01T00:00:00Z,12871,1748,175,200
FALSE,9,2024-08-01T00:00:00Z,7983,1075,200,225
FALSE,10,2024-08-01T00:00:00Z,14959,2239,225,Inf
TRUE,1,2024-08-01T00:00:00Z,76896,46380,0,25
TRUE,2,2024-08-01T00:00:00Z,36031,14685,25,50
TRUE,3,2024-08-01T00:00:00Z,5657,1312,50,75
TRUE,4,2024-08-01T00:00:00Z,1534,206,75,100
TRUE,5,2024-08-01T00:00:00Z,276,27,100,Inf
FALSE,1,2024-09-01T00:00:00Z,3548,2928,0,25
FALSE,2,2024-09-01T00:00:00Z,7445,3599,25,50
FALSE,3,2024-09-01T00:00:00Z,13094,4149,50,75
FALSE,4,2024-09-01T00:00:00Z,16299,4077,75,100
FALSE,5,2024-09-01T00:00:00Z,14075,3096,100,125
FALSE,6,2024-09-01T00:00:00Z,12639,2436,125,150
FALSE,7,2024-09-01T00:00:00Z,11698,1844,150,175
FALSE,8,2024-09-01T00:00:00Z,12724,1737,175,200
FALSE,9,2024-09-01T00:00:00Z,7915,960,200,225
FALSE,10,2024-09-01T00:00:00Z,14663,2194,225,Inf
TRUE,1,2024-09-01T00:00:00Z,81131,48313,0,25
TRUE,2,2024-09-01T00:00:00Z,37431,15348,25,50
TRUE,3,2024-09-01T00:00:00Z,5539,1288,50,75
TRUE,4,2024-09-01T00:00:00Z,1302,170,75,100
TRUE,5,2024-09-01T00:00:00Z,254,26,100,Inf
FALSE,1,2024-10-01T00:00:00Z,4676,3930,0,25
FALSE,2,2024-10-01T00:00:00Z,8621,4272,25,50
FALSE,3,2024-10-01T00:00:00Z,14234,4706,50,75
FALSE,4,2024-10-01T00:00:00Z,17083,4330,75,100
FALSE,5,2024-10-01T00:00:00Z,14540,3138,100,125
FALSE,6,2024-10-01T00:00:00Z,12824,2511,125,150
FALSE,7,2024-10-01T00:00:00Z,11910,1843,150,175
FALSE,8,2024-10-01T00:00:00Z,13096,1748,175,200
FALSE,9,2024-10-01T00:00:00Z,8445,1112,200,225
FALSE,10,2024-10-01T00:00:00Z,15239,2289,225,Inf
TRUE,1,2024-10-01T00:00:00Z,87317,55211,0,25
TRUE,2,2024-10-01T00:00:00Z,37579,15958,25,50
TRUE,3,2024-10-01T00:00:00Z,5782,1380,50,75
TRUE,4,2024-10-01T00:00:00Z,1260,187,75,100
TRUE,5,2024-10-01T00:00:00Z,214,34,100,Inf
FALSE,1,2024-11-01T00:00:00Z,3999,3407,0,25
FALSE,2,2024-11-01T00:00:00Z,7242,3532,25,50
FALSE,3,2024-11-01T00:00:00Z,12702,4046,50,75
FALSE,4,2024-11-01T00:00:00Z,15724,3874,75,100
FALSE,5,2024-11-01T00:00:00Z,13144,2888,100,125
FALSE,6,2024-11-01T00:00:00Z,11691,2218,125,150
FALSE,7,2024-11-01T00:00:00Z,11029,1610,150,175
FALSE,8,2024-11-01T00:00:00Z,12381,1652,175,200
FALSE,9,2024-11-01T00:00:00Z,7557,997,200,225
FALSE,10,2024-11-01T00:00:00Z,13871,1998,225,Inf
TRUE,1,2024-11-01T00:00:00Z,74867,48852,0,25
TRUE,2,2024-11-01T00:00:00Z,34377,14396,25,50
TRUE,3,2024-11-01T00:00:00Z,5203,1295,50,75
TRUE,4,2024-11-01T00:00:00Z,1013,122,75,100
TRUE,5,2024-11-01T00:00:00Z,133,10,100,Inf
FALSE,1,2024-12-01T00:00:00Z,3978,3324,0,25
FALSE,2,2024-12-01T00:00:00Z,7571,3651,25,50
FALSE,3,2024-12-01T00:00:00Z,13284,4237,50,75
FALSE,4,2024-12-01T00:00:00Z,16049,4132,75,100
FALSE,5,2024-12-01T00:00:00Z,13243,2879,100,125
FALSE,6,2024-12-01T00:00:00Z,11928,2262,125,150
FALSE,7,2024-12-01T00:00:00Z,11441,1774,150,175
FALSE,8,2024-12-01T00:00:00Z,12847,1751,175,200
FALSE,9,2024-12-01T00:00:00Z,7614,977,200,225
FALSE,10,2024-12-01T00:00:00Z,14418,2138,225,Inf
TRUE,1,2024-12-01T00:00:00Z,62953,42252,0,25
TRUE,2,2024-12-01T00:00:00Z,29770,12825,25,50
TRUE,3,2024-12-01T00:00:00Z,5061,1242,50,75
TRUE,4,2024-12-01T00:00:00Z,929,137,75,100
TRUE,5,2024-12-01T00:00:00Z,112,19,100,Inf
FALSE,1,2025-01-01T00:00:00Z,3781,3055,0,25
FALSE,2,2025-01-01T00:00:00Z,7072,3366,25,50
FALSE,3,2025-01-01T00:00:00Z,12425,3844,50,75
FALSE,4,2025-01-01T00:00:00Z,15411,3811,75,100
FALSE,5,2025-01-01T00:00:00Z,13063,2778,100,125
FALSE,6,2025-01-01T00:00:00Z,11886,2139,125,150
FALSE,7,2025-01-01T00:00:00Z,11600,1713,150,175
FALSE,8,2025-01-01T00:00:00Z,13185,1721,175,200
FALSE,9,2025-01-01T00:00:00Z,8120,1074,200,225
FALSE,10,2025-01-01T00:00:00Z,15064,2168,225,Inf
TRUE,1,2025-01-01T00:00:00Z,60988,41063,0,25
TRUE,2,2025-01-01T00:00:00Z,27222,11568,25,50
TRUE,3,2025-01-01T00:00:00Z,5086,1123,50,75
TRUE,4,2025-01-01T00:00:00Z,1129,128,75,100
TRUE,5,2025-01-01T00:00:00Z,111,8,100,Inf
FALSE,1,2025-02-01T00:00:00Z,3615,2986,0,25
FALSE,2,2025-02-01T00:00:00Z,6504,3196,25,50
FALSE,3,2025-02-01T00:00:00Z,11172,3492,50,75
FALSE,4,2025-02-01T00:00:00Z,13572,3351,75,100
FALSE,5,2025-02-01T00:00:00Z,11207,2390,100,125
FALSE,6,2025-02-01T00:00:00Z,10191,1815,125,150
FALSE,7,2025-02-01T00:00:00Z,10025,1481,150,175
FALSE,8,2025-02-01T00:00:00Z,11547,1557,175,200
FALSE,9,2025-02-01T00:00:00Z,7090,938,200,225
FALSE,10,2025-02-01T00:00:00Z,13215,1949,225,Inf
TRUE,1,2025-02-01T00:00:00Z,57095,39258,0,25
TRUE,2,2025-02-01T00:00:00Z,25372,11019,25,50
TRUE,3,2025-02-01T00:00:00Z,4776,1057,50,75
TRUE,4,2025-02-01T00:00:00Z,1019,115,75,100
TRUE,5,2025-02-01T00:00:00Z,139,15,100,Inf
FALSE,1,2025-03-01T00:00:00Z,3927,3311,0,25
FALSE,2,2025-03-01T00:00:00Z,7506,3711,25,50
FALSE,3,2025-03-01T00:00:00Z,12525,3998,50,75
FALSE,4,2025-03-01T00:00:00Z,15514,3938,75,100
FALSE,5,2025-03-01T00:00:00Z,13086,2775,100,125
FALSE,6,2025-03-01T00:00:00Z,11962,2172,125,150
FALSE,7,2025-03-01T00:00:00Z,11117,1666,150,175
FALSE,8,2025-03-01T00:00:00Z,12687,1687,175,200
FALSE,9,2025-03-01T00:00:00Z,7963,1063,200,225
FALSE,10,2025-03-01T00:00:00Z,15101,2262,225,Inf
TRUE,1,2025-03-01T00:00:00Z,68654,45307,0,25
TRUE,2,2025-03-01T00:00:00Z,30394,13349,25,50
TRUE,3,2025-03-01T00:00:00Z,5148,1140,50,75
TRUE,4,2025-03-01T00:00:00Z,1083,123,75,100
TRUE,5,2025-03-01T00:00:00Z,137,17,100,Inf
FALSE,1,2025-04-01T00:00:00Z,3554,2936,0,25
FALSE,2,2025-04-01T00:00:00Z,7327,3487,25,50
FALSE,3,2025-04-01T00:00:00Z,12702,4020,50,75
FALSE,4,2025-04-01T00:00:00Z,15537,3793,75,100
FALSE,5,2025-04-01T00:00:00Z,13478,2765,100,125
FALSE,6,2025-04-01T00:00:00Z,11936,2135,125,150
FALSE,7,2025-04-01T00:00:00Z,10923,1626,150,175
FALSE,8,2025-04-01T00:00:00Z,12466,1728,175,200
FALSE,9,2025-04-01T00:00:00Z,7993,1067,200,225
FALSE,10,2025-04-01T00:00:00Z,14906,2314,225,Inf
TRUE,1,2025-04-01T00:00:00Z,74794,48087,0,25
TRUE,2,2025-04-01T00:00:00Z,33606,14573,25,50
TRUE,3,2025-04-01T00:00:00Z,5167,1204,50,75
TRUE,4,2025-04-01T00:00:00Z,1147,167,75,100
TRUE,5,2025-04-01T00:00:00Z,145,16,100,Inf
FALSE,1,2025-05-01T00:00:00Z,2983,2408,0,25
FALSE,2,2025-05-01T00:00:00Z,6973,3331,25,50
FALSE,3,2025-05-01T00:00:00Z,12284,3740,50,75
FALSE,4,2025-05-01T00:00:00Z,15800,3787,75,100
FALSE,5,2025-05-01T00:00:00Z,13614,2782,100,125
FALSE,6,2025-05-01T00:00:00Z,12437,2250,125,150
FALSE,7,2025-05-01T00:00:00Z,11350,1745,150,175
FALSE,8,2025-05-01T00:00:00Z,12868,1825,175,200
FALSE,9,2025-05-01T00:00:00Z,8130,1087,200,225
FALSE,10,2025-05-01T00:00:00Z,14929,2306,225,Inf
TRUE,1,2025-05-01T00:00:00Z,61278,40413,0,25
TRUE,2,2025-05-01T00:00:00Z,26100,11032,25,50
TRUE,3,2025-05-01T00:00:00Z,5303,1194,50,75
TRUE,4,2025-05-01T00:00:00Z,1332,210,75,100
TRUE,5,2025-05-01T00:00:00Z,215,26,100,Inf
FALSE,1,2025-06-01T00:00:00Z,2725,2170,0,25
FALSE,2,2025-06-01T00:00:00Z,6975,3287,25,50
FALSE,3,2025-06-01T00:00:00Z,12321,4006,50,75
FALSE,4,2025-06-01T00:00:00Z,15540,3999,75,100
FALSE,5,2025-06-01T00:00:00Z,13233,2880,100,125
FALSE,6,2025-06-01T00:00:00Z,11867,2266,125,150
FALSE,7,2025-06-01T00:00:00Z,10746,1658,150,175
FALSE,8,2025-06-01T00:00:00Z,12220,1875,175,200
FALSE,9,2025-06-01T00:00:00Z,7666,1173,200,225
FALSE,10,2025-06-01T00:00:00Z,14111,2396,225,Inf
TRUE,1,2025-06-01T00:00:00Z,57636,36887,0,25
TRUE,2,2025-06-01T00:00:00Z,25869,10756,25,50
TRUE,3,2025-06-01T00:00:00Z,4842,1138,50,75
TRUE,4,2025-06-01T00:00:00Z,1223,171,75,100
TRUE,5,2025-06-01T00:00:00Z,200,34,100,Inf
FALSE,1,2025-07-01T00:00:00Z,2929,2399,0,25
FALSE,2,2025-07-01T00:00:00Z,6989,3267,25,50
FALSE,3,2025-07-01T00:00:00Z,12298,3724,50,75
FALSE,4,2025-07-01T00:00:00Z,15677,3834,75,100
FALSE,5,2025-07-01T00:00:00Z,13509,2860,100,125
FALSE,6,2025-07-01T00:00:00Z,12115,2294,125,150
FALSE,7,2025-07-01T00:00:00Z,11414,1854,150,175
FALSE,8,2025-07-01T00:00:00Z,12825,1990,175,200
FALSE,9,2025-07-01T00:00:00Z,7842,1116,200,225
FALSE,10,2025-07-01T00:00:00Z,14449,2231,225,Inf
TRUE,1,2025-07-01T00:00:00Z,57087,35479,0,25
TRUE,2,2025-07-01T00:00:00Z,26221,10958,25,50
TRUE,3,2025-07-01T00:00:00Z,4989,1179,50,75
TRUE,4,2025-07-01T00:00:00Z,1269,175,75,100
TRUE,5,2025-07-01T00:00:00Z,236,32,100,Inf
FALSE,1,2025-08-01T00:00:00Z,3990,3400,0,25
FALSE,2,2025-08-01T00:00:00Z,7955,3888,25,50
FALSE,3,2025-08-01T00:00:00Z,13381,4266,50,75
FALSE,4,2025-08-01T00:00:00Z,16709,4303,75,100
FALSE,5,2025-08-01T00:00:00Z,14023,3009,100,125
FALSE,6,2025-08-01T00:00:00Z,12719,2395,125,150
FALSE,7,2025-08-01T00:00:00Z,11439,1881,150,175
FALSE,8,2025-08-01T00:00:00Z,13038,1806,175,200
FALSE,9,2025-08-01T00:00:00Z,8048,1115,200,225
FALSE,10,2025-08-01T00:00:00Z,14745,2345,225,Inf
TRUE,1,2025-08-01T00:00:00Z,72742,45749,0,25
TRUE,2,2025-08-01T00:00:00Z,33226,14032,25,50
TRUE,3,2025-08-01T00:00:00Z,5446,1308,50,75
TRUE,4,2025-08-01T00:00:00Z,1349,206,75,100
TRUE,5,2025-08-01T00:00:00Z,235,34,100,Inf
FALSE,1,2025-09-01T00:00:00Z,3977,3328,0,25
FALSE,2,2025-09-01T00:00:00Z,8269,4031,25,50
FALSE,3,2025-09-01T00:00:00Z,13924,4587,50,75
FALSE,4,2025-09-01T00:00:00Z,17201,4431,75,100
FALSE,5,2025-09-01T00:00:00Z,14181,3164,100,125
FALSE,6,2025-09-01T00:00:00Z,12877,2503,125,150
FALSE,7,2025-09-01T00:00:00Z,11659,1806,150,175
FALSE,8,2025-09-01T00:00:00Z,13290,1951,175,200
FALSE,9,2025-09-01T00:00:00Z,8306,1195,200,225
FALSE,10,2025-09-01T00:00:00Z,15059,2396,225,Inf
TRUE,1,2025-09-01T00:00:00Z,91939,57501,0,25
TRUE,2,2025-09-01T00:00:00Z,42331,18660,25,50
TRUE,3,2025-09-01T00:00:00Z,5670,1428,50,75
TRUE,4,2025-09-01T00:00:00Z,1202,190,75,100
TRUE,5,2025-09-01T00:00:00Z,190,26,100,Inf
FALSE,1,2025-10-01T00:00:00Z,4721,4055,0,25
FALSE,2,2025-10-01T00:00:00Z,8464,4352,25,50
FALSE,3,2025-10-01T00:00:00Z,14233,5034,50,75
FALSE,4,2025-10-01T00:00:00Z,17328,4829,75,100
FALSE,5,2025-10-01T00:00:00Z,14290,3413,100,125
FALSE,6,2025-10-01T00:00:00Z,12784,2779,125,150
FALSE,7,2025-10-01T00:00:00Z,11840,2222,150,175
FALSE,8,2025-10-01T00:00:00Z,13249,2191,175,200
FALSE,9,2025-10-01T00:00:00Z,8262,1342,200,225
FALSE,10,2025-10-01T00:00:00Z,15417,2697,225,Inf
TRUE,1,2025-10-01T00:00:00Z,85916,56376,0,25
TRUE,2,2025-10-01T00:00:00Z,37698,16968,25,50
TRUE,3,2025-10-01T00:00:00Z,5638,1618,50,75
TRUE,4,2025-10-01T00:00:00Z,1168,223,75,100
TRUE,5,2025-10-01T00:00:00Z,191,30,100,Inf
FALSE,1,2025-11-01T00:00:00Z,4077,3472,0,25
FALSE,2,2025-11-01T00:00:00Z,7510,3700,25,50
FALSE,3,2025-11-01T00:00:00Z,13231,4341,50,75
FALSE,4,2025-11-01T00:00:00Z,16051,4223,75,100
FALSE,5,2025-11-01T00:00:00Z,13517,3053,100,125
FALSE,6,2025-11-01T00:00:00Z,12037,2512,125,150
FALSE,7,2025-11-01T00:00:00Z,11147,2000,150,175
FALSE,8,2025-11-01T00:00:00Z,12307,1933,175,200
FALSE,9,2025-11-01T00:00:00Z,7700,1219,200,225
FALSE,10,2025-11-01T00:00:00Z,14062,2478,225,Inf
TRUE,1,2025-11-01T00:00:00Z,71504,47934,0,25
TRUE,2,2025-11-01T00:00:00Z,33142,14610,25,50
TRUE,3,2025-11-01T00:00:00Z,5353,1398,50,75
TRUE,4,2025-11-01T00:00:00Z,1003,151,75,100
TRUE,5,2025-11-01T00:00:00Z,116,15,100,Inf
FALSE,1,2025-12-01T00:00:00Z,4414,3693,0,25
FALSE,2,2025-12-01T00:00:00Z,8107,4048,25,50
FALSE,3,2025-12-01T00:00:00Z,13804,4661,50,75
FALSE,4,2025-12-01T00:00:00Z,16768,4430,75,100
FALSE,5,2025-12-01T00:00:00Z,13853,3177,100,125
FALSE,6,2025-12-01T00:00:00Z,12346,2496,125,150
FALSE,7,2025-12-01T00:00:00Z,11679,1926,150,175
FALSE,8,2025-12-01T00:00:00Z,12872,1967,175,200
FALSE,9,2025-12-01T00:00:00Z,8079,1261,200,225
FALSE,10,2025-12-01T00:00:00Z,14821,2547,225,Inf
TRUE,1,2025-12-01T00:00:00Z,69251,47154,0,25
TRUE,2,2025-12-01T00:00:00Z,31466,14286,25,50
TRUE,3,2025-12-01T00:00:00Z,4937,1363,50,75
TRUE,4,2025-12-01T00:00:00Z,893,137,75,100
TRUE,5,2025-12-01T00:00:00Z,102,10,100,Inf
