month,n_s1_detections,n_s1_detections_unmatched,s1_scenes,s1_scene_area_km2
2017-01-01T00:00:00Z,208116,96470,5963,159536490.33583838
2017-02-01T00:00:00Z,238119,120256,6933,198455355.76579276
2017-03-01T00:00:00Z,320329,167493,8607,247143892.7707859
2017-04-01T00:00:00Z,335009,176366,8472,242519035.71622515
2017-05-01T00:00:00Z,338833,171747,9537,270113129.5776757
2017-06-01T00:00:00Z,328974,161334,9919,284450601.85941344
2017-07-01T00:00:00Z,336538,163234,10399,295621449.5799388
2017-08-01T00:00:00Z,377228,190802,10612,302746104.5371075
2017-09-01T00:00:00Z,392743,202562,10502,299332323.38082594
2017-10-01T00:00:00Z,376750,194107,10501,301245572.2579616
2017-11-01T00:00:00Z,366568,191919,10218,294396611.1545649
2017-12-01T00:00:00Z,315504,163008,9997,291806072.22187704
2018-01-01T00:00:00Z,302609,153443,9957,292216574.62388456
2018-02-01T00:00:00Z,268568,129931,8996,265370805.38773277
2018-03-01T00:00:00Z,338833,169886,9763,284923737.0702688
2018-04-01T00:00:00Z,359821,184922,9543,274261038.6650201
2018-05-01T00:00:00Z,352103,179056,9871,282446720.3185596
2018-06-01T00:00:00Z,310435,153221,9199,254449487.88266444
2018-07-01T00:00:00Z,337958,160928,9754,272423742.78440255
2018-08-01T00:00:00Z,367704,185715,10169,283891139.4293239
2018-09-01T00:00:00Z,407630,214381,10536,297807858.9572819
2018-10-01T00:00:00Z,414539,217911,10806,308036611.9062168
2018-11-01T00:00:00Z,391482,209494,10275,295930367.2512399
2018-12-01T00:00:00Z,333141,174119,10145,294618864.39742666
2019-01-01T00:00:00Z,321347,163810,10198,297923096.3234665
2019-02-01T00:00:00Z,287423,143193,8867,259480752.9643601
2019-03-01T00:00:00Z,387622,198124,10522,309268567.9247823
2019-04-01T00:00:00Z,382912,190662,10132,293055061.6875476
2019-05-01T00:00:00Z,364266,176244,10340,299148171.4590938
2019-06-01T00:00:00Z,355240,166644,10341,294410859.9540455
2019-07-01T00:00:00Z,371416,171660,10832,309442660.42423093
2019-08-01T00:00:00Z,413850,198080,11391,324907822.69825435
2019-09-01T00:00:00Z,443175,226964,11161,317602406.2728139
2019-10-01T00:00:00Z,450368,235048,11525,329269725.35907924
2019-11-01T00:00:00Z,420154,224629,10879,317285336.7627068
2019-12-01T00:00:00Z,379732,201262,10615,309310235.0804033
2020-01-01T00:00:00Z,339644,168370,10409,303578138.10404295
2020-02-01T00:00:00Z,292638,138588,9639,281850264.70463663
2020-03-01T00:00:00Z,362637,176538,10429,303165368.35556
2020-04-01T00:00:00Z,356623,167216,10289,298526988.54734206
2020-05-01T00:00:00Z,330917,150071,10572,304868199.47569126
2020-06-01T00:00:00Z,326561,145142,10462,298066282.59260166
2020-07-01T00:00:00Z,345678,153710,10887,309920224.92913973
2020-08-01T00:00:00Z,395433,183445,11623,328199753.02086604
2020-09-01T00:00:00Z,431925,209561,11251,318846990.1068506
2020-10-01T00:00:00Z,425807,206971,11491,325948307.0575426
2020-11-01T00:00:00Z,397525,199126,10668,307053292.84452474
2020-12-01T00:00:00Z,356383,178524,10478,304113324.7758926
2021-01-01T00:00:00Z,328934,156655,10244,300648513.9369477
2021-02-01T00:00:00Z,288467,132998,9215,268140921.26832223
2021-03-01T00:00:00Z,377275,176542,10558,307214325.4564522
2021-04-01T00:00:00Z,387852,182059,10451,302764221.21401584
2021-05-01T00:00:00Z,339704,142038,10700,308351245.2341819
2021-06-01T00:00:00Z,334310,136558,10483,298999399.1459216
2021-07-01T00:00:00Z,345650,140755,11135,317467937.3245002
2021-08-01T00:00:00Z,399030,184251,11539,327421221.3629625
2021-09-01T00:00:00Z,444306,212444,11370,320973263.9702051
2021-10-01T00:00:00Z,439054,208334,11657,331251944.33623266
2021-11-01T00:00:00Z,390162,210767,10334,295420951.45793307
2021-12-01T00:00:00Z,340343,147823,9576,279800720.8682518
2022-01-01T00:00:00Z,212932,101135,6475,191503129.83513346
2022-02-01T00:00:00Z,195874,92019,5869,174250195.78616923
2022-03-01T00:00:00Z,235258,112531,6685,196726318.93973458
2022-04-01T00:00:00Z,231604,104633,6441,187330508.0219066
2022-05-01T00:00:00Z,207667,90520,6496,188515243.28141642
2022-06-01T00:00:00Z,211219,90915,6478,185487806.49944425
2022-07-01T00:00:00Z,193911,80556,6209,176700717.99048647
2022-08-01T00:00:00Z,243592,108552,6864,195047796.0998816
2022-09-01T00:00:00Z,250036,112208,6764,192707208.78690034
2022-10-01T00:00:00Z,257889,120020,6716,191430411.94609967
2022-11-01T00:00:00Z,262031,121615,6752,193882375.3806219
2022-12-01T00:00:00Z,224194,101312,6844,197293792.82677385
2023-01-01T00:00:00Z,208895,91320,6646,192867326.89093617
2023-02-01T00:00:00Z,186439,82318,5594,161633559.6605604
2023-03-01T00:00:00Z,242519,107286,6525,188978991.70571163
2023-04-01T00:00:00Z,212932,91625,5738,165093654.66254553
2023-05-01T00:00:00Z,212983,91853,6276,180935578.3355733
2023-06-01T00:00:00Z,189100,79685,5838,165748963.02510476
2023-07-01T00:00:00Z,199978,84122,6251,177949502.35755447
2023-08-01T00:00:00Z,225086,89443,6721,191204618.9411184
2023-09-01T00:00:00Z,238668,94557,7022,200740939.61057428
2023-10-01T00:00:00Z,173068,70612,4546,130120149.66787626
2023-11-01T00:00:00Z,210683,86589,6262,180041920.66501555
2023-12-01T00:00:00Z,208262,82022,6653,192946869.83410183
2024-01-01T00:00:00Z,192979,75250,6519,189183176.0261876
2024-02-01T00:00:00Z,172161,67829,5705,165895217.33695373
2024-03-01T00:00:00Z,219490,86265,6704,194962234.08138716
2024-04-01T00:00:00Z,210934,80611,6407,185548649.68172723
2024-05-01T00:00:00Z,196217,74976,6696,193011881.40849555
2024-06-01T00:00:00Z,185755,66584,6374,182618318.97121188
2024-07-01T00:00:00Z,196183,72496,6856,196646314.0654644
2024-08-01T00:00:00Z,235898,89875,7091,201975907.61466062
2024-09-01T00:00:00Z,239757,92165,7000,200449997.49401072
2024-10-01T00:00:00Z,252820,102649,7146,203505981.53878683
2024-11-01T00:00:00Z,224933,90897,6446,184510854.42338437
2024-12-01T00:00:00Z,211198,83600,6536,188702807.70038223
2025-01-01T00:00:00Z,206143,79559,6719,195450877.2629764
2025-02-01T00:00:00Z,186539,74619,5914,172052930.642015
2025-03-01T00:00:00Z,216804,86519,6514,188894349.2563813
2025-04-01T00:00:00Z,225681,89918,6604,191466581.28166294
2025-05-01T00:00:00Z,205596,78136,6690,192340585.38625866
2025-06-01T00:00:00Z,197174,74696,6492,187666262.76221165
2025-07-01T00:00:00Z,199849,73392,6777,194499758.62159896
2025-08-01T00:00:00Z,229045,89737,6909,196493203.00483948
2025-09-01T00:00:00Z,260075,107197,6838,194244350.15342665
2025-10-01T00:00:00Z,251199,108129,6831,187871841.49686453
2025-11-01T00:00:00Z,222757,93039,6224,173507779.70388636
2025-12-01T00:00:00Z,223392,93156,6431,181810792.6860318
